"Cluster","level","name","N","Freq"
"1","Kingdom","Bacteria",868,1
"1","Phylum","Proteobacteria",241,0.2776
"1","Phylum","Actinobacteria",157,0.1809
"1","Phylum","Acidobacteria",113,0.1302
"1","Phylum","Planctomycetes",86,0.0991
"1","Phylum","Bacteroidetes",75,0.0864
"1","Phylum","Chloroflexi",52,0.0599
"1","Phylum","Verrucomicrobia",43,0.0495
"1","Phylum","Gemmatimonadetes",36,0.0415
"1","Phylum","Firmicutes",16,0.0184
"1","Phylum","Chlorobi",9,0.0104
"1","Phylum","Nitrospirae",8,0.0092
"1","Phylum","unassigned",6,0.0069
"1","Phylum","Elusimicrobia",6,0.0069
"1","Phylum","Armatimonadetes",6,0.0069
"1","Phylum","FBP",5,0.0058
"1","Phylum","WS3",3,0.0035
"1","Phylum","WS2",2,0.0023
"1","Phylum","Cyanobacteria",2,0.0023
"1","Phylum","Chlamydiae",1,0.0012
"1","Phylum","Fibrobacteres",1,0.0012
"1","Class","Deltaproteobacteria",92,0.106
"1","Class","Alphaproteobacteria",80,0.0922
"1","Class","Actinobacteria",75,0.0864
"1","Class","Planctomycetia",54,0.0622
"1","Class","Acidobacteria-6",41,0.0472
"1","Class","Chloracidobacteria",36,0.0415
"1","Class","Thermoleophilia",36,0.0415
"1","Class","Gammaproteobacteria",32,0.0369
"1","Class","Acidimicrobiia",30,0.0346
"1","Class","unassigned",30,0.0346
"1","Class","Betaproteobacteria",29,0.0334
"1","Class","Saprospirae",27,0.0311
"1","Class","Cytophagia",25,0.0288
"1","Class","Phycisphaerae",22,0.0253
"1","Class","Gemmatimonadetes",21,0.0242
"1","Class","Pedosphaerae",16,0.0184
"1","Class","Spartobacteria",13,0.015
"1","Class","TK10",13,0.015
"1","Class","Sphingobacteriia",13,0.015
"1","Class","Bacilli",13,0.015
"1","Class","Anaerolineae",11,0.0127
"1","Class","Solibacteres",10,0.0115
"1","Class","Rubrobacteria",9,0.0104
"1","Class","Nitrospira",8,0.0092
"1","Class","Sva0725",8,0.0092
"1","Class","Opitutae",8,0.0092
"1","Class","Acidobacteria-5",7,0.0081
"1","Class","iii1-8",6,0.0069
"1","Class","Ellin6529",6,0.0069
"1","Class","Chloroflexi",6,0.0069
"1","Class","Elusimicrobia",6,0.0069
"1","Class","Verrucomicrobiae",6,0.0069
"1","Class","MB-A2-108",5,0.0058
"1","Class","Gemm-1",5,0.0058
"1","Class","Thermomicrobia",5,0.0058
"1","Class","Gemm-3",4,0.0046
"1","Class","Gitt-GS-136",4,0.0046
"1","Class","Flavobacteriia",4,0.0046
"1","Class","vadinHA49",4,0.0046
"1","Class","SJA-28",4,0.0046
"1","Class","Gemm-2",4,0.0046
"1","Class","S085",4,0.0046
"1","Class","0319-6E2",3,0.0035
"1","Class","PRR-12",3,0.0035
"1","Class","OM190",3,0.0035
"1","Class","Clostridia",3,0.0035
"1","Class","Fimbriimonadia",3,0.0035
"1","Class","Gemm-5",2,0.0023
"1","Class","SHA-109",2,0.0023
"1","Class","S035",2,0.0023
"1","Class","Chlamydiia",1,0.0012
"1","Class","PAUC37f",1,0.0012
"1","Class","Fibrobacteria",1,0.0012
"1","Class","OPB56",1,0.0012
"1","Class","Pla3",1,0.0012
"1","Class","Acidobacteriia",1,0.0012
"1","Class","TK17",1,0.0012
"1","Class","C6",1,0.0012
"1","Class","BPC102",1,0.0012
"1","Class","Zetaproteobacteria",1,0.0012
"1","Class","C0119",1,0.0012
"1","Class","P2-11E",1,0.0012
"1","Class","ML635J-21",1,0.0012
"1","Class","Chloroplast",1,0.0012
"1","Class","028H05-P-BN-P5",1,0.0012
"1","Order","unassigned",119,0.1371
"1","Order","Actinomycetales",71,0.0818
"1","Order","Myxococcales",47,0.0541
"1","Order","Rhizobiales",36,0.0415
"1","Order","Acidimicrobiales",30,0.0346
"1","Order","iii1-15",29,0.0334
"1","Order","Pirellulales",29,0.0334
"1","Order","RB41",27,0.0311
"1","Order","Saprospirales",27,0.0311
"1","Order","Cytophagales",25,0.0288
"1","Order","Solirubrobacterales",25,0.0288
"1","Order","WD2101",20,0.023
"1","Order","Rhodospirillales",19,0.0219
"1","Order","Xanthomonadales",17,0.0196
"1","Order","Pedosphaerales",16,0.0184
"1","Order","Sphingomonadales",15,0.0173
"1","Order","Chthoniobacterales",13,0.015
"1","Order","Sphingobacteriales",13,0.015
"1","Order","Gemmatales",12,0.0138
"1","Order","Bacillales",12,0.0138
"1","Order","Planctomycetales",12,0.0138
"1","Order","MIZ46",10,0.0115
"1","Order","Solibacterales",10,0.0115
"1","Order","Burkholderiales",10,0.0115
"1","Order","Bdellovibrionales",10,0.0115
"1","Order","Gaiellales",10,0.0115
"1","Order","CCU21",9,0.0104
"1","Order","Rubrobacterales",9,0.0104
"1","Order","Nitrospirales",8,0.0092
"1","Order","Sva0725",8,0.0092
"1","Order","Opitutales",8,0.0092
"1","Order","SBR1031",7,0.0081
"1","Order","AKYG885",7,0.0081
"1","Order","MND1",6,0.0069
"1","Order","DS-18",6,0.0069
"1","Order","Gemmatimonadales",6,0.0069
"1","Order","Verrucomicrobiales",6,0.0069
"1","Order","Syntrophobacterales",6,0.0069
"1","Order","PK29",5,0.0058
"1","Order","0319-7L14",5,0.0058
"1","Order","Pseudomonadales",5,0.0058
"1","Order","Roseiflexales",5,0.0058
"1","Order","IIb",5,0.0058
"1","Order","JG30-KF-CM45",5,0.0058
"1","Order","N1423WL",5,0.0058
"1","Order","Entotheonellales",4,0.0046
"1","Order","Flavobacteriales",4,0.0046
"1","Order","DH61",4,0.0046
"1","Order","Micrococcales",4,0.0046
"1","Order","Spirobacillales",3,0.0035
"1","Order","Enterobacteriales",3,0.0035
"1","Order","NB1-j",3,0.0035
"1","Order","Caulobacterales",3,0.0035
"1","Order","Ellin5290",3,0.0035
"1","Order","Clostridiales",3,0.0035
"1","Order","B07_WMSP1",3,0.0035
"1","Order","Fimbriimonadales",3,0.0035
"1","Order","11-24",2,0.0023
"1","Order","Phycisphaerales",2,0.0023
"1","Order","C114",2,0.0023
"1","Order","Rhodobacterales",2,0.0023
"1","Order","Ellin329",2,0.0023
"1","Order","Sediment-1",2,0.0023
"1","Order","CL500-15",2,0.0023
"1","Order","DS-100",2,0.0023
"1","Order","Legionellales",1,0.0012
"1","Order","Chlamydiales",1,0.0012
"1","Order","Caldilineales",1,0.0012
"1","Order","258ds10",1,0.0012
"1","Order","B97",1,0.0012
"1","Order","CFB-26",1,0.0012
"1","Order","A21b",1,0.0012
"1","Order","Thiotrichales",1,0.0012
"1","Order","Acidobacteriales",1,0.0012
"1","Order","Rhodocyclales",1,0.0012
"1","Order","Aeromonadales",1,0.0012
"1","Order","Alteromonadales",1,0.0012
"1","Order","agg27",1,0.0012
"1","Order","AKIW781",1,0.0012
"1","Order","LD1-PA13",1,0.0012
"1","Order","mle1-48",1,0.0012
"1","Order","KD8-87",1,0.0012
"1","Order","MVS-107",1,0.0012
"1","Order","WCHB1-50",1,0.0012
"1","Order","Lactobacillales",1,0.0012
"1","Order","MVS-40",1,0.0012
"1","Order","SC-I-84",1,0.0012
"1","Order","Mariprofundales",1,0.0012
"1","Order","Methylophilales",1,0.0012
"1","Order","FAC88",1,0.0012
"1","Order","BD7-3",1,0.0012
"1","Order","Streptophyta",1,0.0012
"1","Family","unassigned",380,0.4378
"1","Family","Pirellulaceae",29,0.0334
"1","Family","Cytophagaceae",24,0.0276
"1","Family","Chitinophagaceae",23,0.0265
"1","Family","Nocardioidaceae",22,0.0253
"1","Family","Haliangiaceae",15,0.0173
"1","Family","Ellin6075",14,0.0161
"1","Family","Chthoniobacteraceae",13,0.015
"1","Family","Rhodospirillaceae",13,0.015
"1","Family","Sphingomonadaceae",13,0.015
"1","Family","Gemmataceae",12,0.0138
"1","Family","Planctomycetaceae",12,0.0138
"1","Family","Rubrobacteraceae",9,0.0104
"1","Family","Sinobacteraceae",9,0.0104
"1","Family","Gaiellaceae",9,0.0104
"1","Family","Micromonosporaceae",9,0.0104
"1","Family","Hyphomicrobiaceae",8,0.0092
"1","Family","mb2424",8,0.0092
"1","Family","Ellin517",8,0.0092
"1","Family","Opitutaceae",8,0.0092
"1","Family","A4b",7,0.0081
"1","Family","Paenibacillaceae",7,0.0081
"1","Family","Pseudonocardiaceae",6,0.0069
"1","Family","Nitrospiraceae",6,0.0069
"1","Family","Comamonadaceae",6,0.0069
"1","Family","Bradyrhizobiaceae",6,0.0069
"1","Family","Bacteriovoracaceae",6,0.0069
"1","Family","Verrucomicrobiaceae",6,0.0069
"1","Family","Xanthomonadaceae",6,0.0069
"1","Family","Syntrophobacteraceae",6,0.0069
"1","Family","Streptomycetaceae",5,0.0058
"1","Family","Solirubrobacteraceae",5,0.0058
"1","Family","Polyangiaceae",5,0.0058
"1","Family","Iamiaceae",4,0.0046
"1","Family","Entotheonellaceae",4,0.0046
"1","Family","Rhizobiaceae",4,0.0046
"1","Family","Nannocystaceae",4,0.0046
"1","Family","Pseudomonadaceae",4,0.0046
"1","Family","Mycobacteriaceae",4,0.0046
"1","Family","Ellin5301",4,0.0046
"1","Family","Dolo_23",4,0.0046
"1","Family","OM27",4,0.0046
"1","Family","Bdellovibrionaceae",4,0.0046
"1","Family","Beijerinckiaceae",3,0.0035
"1","Family","Sphingobacteriaceae",3,0.0035
"1","Family","Flavobacteriaceae",3,0.0035
"1","Family","Ellin515",3,0.0035
"1","Family","RB40",3,0.0035
"1","Family","Saprospiraceae",3,0.0035
"1","Family","Kouleothrixaceae",3,0.0035
"1","Family","5B-12",3,0.0035
"1","Family","Enterobacteriaceae",3,0.0035
"1","Family","C111",3,0.0035
"1","Family","Intrasporangiaceae",3,0.0035
"1","Family","Caulobacteraceae",3,0.0035
"1","Family","Microbacteriaceae",3,0.0035
"1","Family","Geodermatophilaceae",3,0.0035
"1","Family","Acetobacteraceae",3,0.0035
"1","Family","Fimbriimonadaceae",3,0.0035
"1","Family","Actinosynnemataceae",2,0.0023
"1","Family","0319-6A21",2,0.0023
"1","Family","AKIW874",2,0.0023
"1","Family","Micrococcaceae",2,0.0023
"1","Family","Conexibacteraceae",2,0.0023
"1","Family","Aurantimonadaceae",2,0.0023
"1","Family","Streptosporangiaceae",2,0.0023
"1","Family","Myxococcaceae",2,0.0023
"1","Family","NB1-i",2,0.0023
"1","Family","Gemmatimonadaceae",2,0.0023
"1","Family","Bacillaceae",2,0.0023
"1","Family","Oxalobacteraceae",2,0.0023
"1","Family","Rhodobiaceae",2,0.0023
"1","Family","Methylobacteriaceae",2,0.0023
"1","Family","Clostridiaceae",2,0.0023
"1","Family","Erythrobacteraceae",2,0.0023
"1","Family","FFCH4570",2,0.0023
"1","Family","EB1017",2,0.0023
"1","Family","Kineosporiaceae",2,0.0023
"1","Family","Solibacteraceae",1,0.0012
"1","Family","Phyllobacteriaceae",1,0.0012
"1","Family","Bryobacteraceae",1,0.0012
"1","Family","Caldilineaceae",1,0.0012
"1","Family","UD5",1,0.0012
"1","Family","Piscirickettsiaceae",1,0.0012
"1","Family","Koribacteraceae",1,0.0012
"1","Family","Alicyclobacillaceae",1,0.0012
"1","Family","Rhodocyclaceae",1,0.0012
"1","Family","Rhodobacteraceae",1,0.0012
"1","Family","Aeromonadaceae",1,0.0012
"1","Family","OM60",1,0.0012
"1","Family","Planococcaceae",1,0.0012
"1","Family","Cryomorphaceae",1,0.0012
"1","Family","Cellulomonadaceae",1,0.0012
"1","Family","Moraxellaceae",1,0.0012
"1","Family","Frankiaceae",1,0.0012
"1","Family","Sporichthyaceae",1,0.0012
"1","Family","Streptococcaceae",1,0.0012
"1","Family","Mariprofundaceae",1,0.0012
"1","Family","wb1_P06",1,0.0012
"1","Family","Peptostreptococcaceae",1,0.0012
"1","Family","Methylophilaceae",1,0.0012
"1","Family","Hyphomonadaceae",1,0.0012
"1","Family","Thermomonosporaceae",1,0.0012
"1","Family","JTB38",1,0.0012
"1","Family","AK1AB1_02E",1,0.0012
"1","Genus","unassigned",663,0.7638
"1","Genus","Planctomyces",12,0.0138
"1","Genus","Paenibacillus",7,0.0081
"1","Genus","Gemmata",7,0.0081
"1","Genus","Pirellula",7,0.0081
"1","Genus","Rubrobacter",6,0.0069
"1","Genus","Flavisolibacter",6,0.0069
"1","Genus","Opitutus",6,0.0069
"1","Genus","Balneimonas",5,0.0058
"1","Genus","Adhaeribacter",5,0.0058
"1","Genus","Nocardioides",5,0.0058
"1","Genus","Iamia",4,0.0046
"1","Genus","DA101",4,0.0046
"1","Genus","Kribbella",4,0.0046
"1","Genus","Nitrospira",4,0.0046
"1","Genus","Pseudomonas",4,0.0046
"1","Genus","Pseudonocardia",4,0.0046
"1","Genus","Mycobacterium",4,0.0046
"1","Genus","Bdellovibrio",4,0.0046
"1","Genus","Kaistobacter",4,0.0046
"1","Genus","Flavobacterium",3,0.0035
"1","Genus","Steroidobacter",3,0.0035
"1","Genus","Streptomyces",3,0.0035
"1","Genus","Rhodoplanes",3,0.0035
"1","Genus","Sphingomonas",3,0.0035
"1","Genus","Peredibacter",3,0.0035
"1","Genus","Devosia",2,0.0023
"1","Genus","Aeromicrobium",2,0.0023
"1","Genus","Arthrobacter",2,0.0023
"1","Genus","Dyadobacter",2,0.0023
"1","Genus","Chthoniobacter",2,0.0023
"1","Genus","Agrobacterium",2,0.0023
"1","Genus","Plesiocystis",2,0.0023
"1","Genus","A17",2,0.0023
"1","Genus","Gemmatimonas",2,0.0023
"1","Genus","Catellatospora",2,0.0023
"1","Genus","Segetibacter",2,0.0023
"1","Genus","Skermanella",2,0.0023
"1","Genus","Afifella",2,0.0023
"1","Genus","Methylobacterium",2,0.0023
"1","Genus","Nannocystis",2,0.0023
"1","Genus","Virgisporangium",2,0.0023
"1","Genus","Roseomonas",2,0.0023
"1","Genus","Fimbriimonas",2,0.0023
"1","Genus","Rhodocytophaga",1,0.0012
"1","Genus","Inquilinus",1,0.0012
"1","Genus","Actinoalloteichus",1,0.0012
"1","Genus","Candidatus Solibacter",1,0.0012
"1","Genus","Phyllobacterium",1,0.0012
"1","Genus","Amycolatopsis",1,0.0012
"1","Genus","Pedobacter",1,0.0012
"1","Genus","Saccharothrix",1,0.0012
"1","Genus","Hyphomicrobium",1,0.0012
"1","Genus","Nonomuraea",1,0.0012
"1","Genus","Rubrivivax",1,0.0012
"1","Genus","Pedomicrobium",1,0.0012
"1","Genus","Novosphingobium",1,0.0012
"1","Genus","Prosthecobacter",1,0.0012
"1","Genus","Ellin506",1,0.0012
"1","Genus","Methylibium",1,0.0012
"1","Genus","Actinoplanes",1,0.0012
"1","Genus","Candidatus Koribacter",1,0.0012
"1","Genus","Bacillus",1,0.0012
"1","Genus","Alicyclobacillus",1,0.0012
"1","Genus","Dokdonella",1,0.0012
"1","Genus","Rubellimicrobium",1,0.0012
"1","Genus","JG37-AG-70",1,0.0012
"1","Genus","Phycicoccus",1,0.0012
"1","Genus","Fluviicola",1,0.0012
"1","Genus","SMB53",1,0.0012
"1","Genus","Yonghaparkia",1,0.0012
"1","Genus","Geodermatophilus",1,0.0012
"1","Genus","Candidatus Xiphinematobacter",1,0.0012
"1","Genus","Luteolibacter",1,0.0012
"1","Genus","Cellulomonas",1,0.0012
"1","Genus","Clostridium",1,0.0012
"1","Genus","Acinetobacter",1,0.0012
"1","Genus","Sphaerisporangium",1,0.0012
"1","Genus","Hymenobacter",1,0.0012
"1","Genus","Pilimelia",1,0.0012
"1","Genus","Streptococcus",1,0.0012
"1","Genus","Sinorhizobium",1,0.0012
"1","Genus","Mycoplana",1,0.0012
"1","Genus","Lysobacter",1,0.0012
"1","Genus","Myxococcus",1,0.0012
"1","Genus","Agromyces",1,0.0012
"1","Genus","Methylotenera",1,0.0012
"1","Genus","Luteimonas",1,0.0012
"1","Genus","Sorangium",1,0.0012
"1","Genus","OR-59",1,0.0012
"1","Genus","Sciscionella",1,0.0012
"1","Genus","Actinomadura",1,0.0012
"1","Genus","Rhizobium",1,0.0012
"1","Species","unassigned",845,0.9735
"1","Species","starrii",3,0.0035
"1","Species","chondroitinus",2,0.0023
"1","Species","ochraceum",2,0.0023
"1","Species","limosus",1,0.0012
"1","Species","psychrolactophilus",1,0.0012
"1","Species","foraminis",1,0.0012
"1","Species","fragi",1,0.0012
"1","Species","xylanilytica",1,0.0012
"1","Species","rhizosphaerae",1,0.0012
"1","Species","amylolyticus",1,0.0012
"1","Species","mirabilis",1,0.0012
"1","Species","halophobica",1,0.0012
"1","Species","wittichii",1,0.0012
"1","Species","mobilis",1,0.0012
"1","Species","cellulosum",1,0.0012
"1","Species","exedens",1,0.0012
"1","Species","adhaesivum",1,0.0012
"1","Species","marina",1,0.0012
"1","Species","vinacea",1,0.0012
"2","Kingdom","Bacteria",484,1
"2","Phylum","Proteobacteria",125,0.2583
"2","Phylum","Planctomycetes",74,0.1529
"2","Phylum","Acidobacteria",57,0.1178
"2","Phylum","Bacteroidetes",37,0.0764
"2","Phylum","Actinobacteria",37,0.0764
"2","Phylum","Verrucomicrobia",30,0.062
"2","Phylum","Chloroflexi",27,0.0558
"2","Phylum","Gemmatimonadetes",22,0.0455
"2","Phylum","unassigned",14,0.0289
"2","Phylum","WS3",14,0.0289
"2","Phylum","Elusimicrobia",11,0.0227
"2","Phylum","Armatimonadetes",8,0.0165
"2","Phylum","Firmicutes",7,0.0145
"2","Phylum","Cyanobacteria",5,0.0103
"2","Phylum","Nitrospirae",4,0.0083
"2","Phylum","Chlorobi",3,0.0062
"2","Phylum","Spirochaetes",2,0.0041
"2","Phylum","Chlamydiae",2,0.0041
"2","Phylum","BRC1",1,0.0021
"2","Phylum","Fibrobacteres",1,0.0021
"2","Phylum","FCPU426",1,0.0021
"2","Phylum","OP3",1,0.0021
"2","Phylum","OD1",1,0.0021
"2","Class","Deltaproteobacteria",48,0.0992
"2","Class","unassigned",46,0.095
"2","Class","Planctomycetia",45,0.093
"2","Class","Alphaproteobacteria",32,0.0661
"2","Class","Betaproteobacteria",26,0.0537
"2","Class","Thermoleophilia",16,0.0331
"2","Class","Gammaproteobacteria",16,0.0331
"2","Class","Pedosphaerae",16,0.0331
"2","Class","PRR-12",14,0.0289
"2","Class","Acidimicrobiia",13,0.0269
"2","Class","Acidobacteria-6",12,0.0248
"2","Class","Saprospirae",12,0.0248
"2","Class","Phycisphaerae",12,0.0248
"2","Class","Anaerolineae",12,0.0248
"2","Class","Gemmatimonadetes",12,0.0248
"2","Class","Solibacteres",11,0.0227
"2","Class","Chloracidobacteria",11,0.0227
"2","Class","Elusimicrobia",10,0.0207
"2","Class","Sphingobacteriia",9,0.0186
"2","Class","Gemm-1",8,0.0165
"2","Class","OM190",8,0.0165
"2","Class","Cytophagia",6,0.0124
"2","Class","Actinobacteria",6,0.0124
"2","Class","Opitutae",6,0.0124
"2","Class","Chthonomonadetes",5,0.0103
"2","Class","Bacilli",5,0.0103
"2","Class","Nitrospira",4,0.0083
"2","Class","RB25",3,0.0062
"2","Class","iii1-8",3,0.0062
"2","Class","Flavobacteriia",3,0.0062
"2","Class","TK10",3,0.0062
"2","Class","Spartobacteria",3,0.0062
"2","Class","S085",3,0.0062
"2","Class","Fimbriimonadia",3,0.0062
"2","Class","Acidobacteriia",3,0.0062
"2","Class","4C0d-2",2,0.0041
"2","Class","Acidobacteria-5",2,0.0041
"2","Class","Clostridia",2,0.0041
"2","Class","Pla3",2,0.0041
"2","Class","Chlamydiia",2,0.0041
"2","Class","MB-A2-108",2,0.0041
"2","Class","C6",2,0.0041
"2","Class","Chloroplast",2,0.0041
"2","Class","Chloroflexi",2,0.0041
"2","Class","Verrucomicrobiae",2,0.0041
"2","Class","Ellin6529",2,0.0041
"2","Class","DA052",2,0.0041
"2","Class","PRR-11",1,0.0021
"2","Class","Pla4",1,0.0021
"2","Class","Leptospirae",1,0.0021
"2","Class","P2-11E",1,0.0021
"2","Class","EC1113",1,0.0021
"2","Class","VC2_1_Bac22",1,0.0021
"2","Class","Sva0725",1,0.0021
"2","Class","Fibrobacteria",1,0.0021
"2","Class","Spirochaetes",1,0.0021
"2","Class","Methylacidiphilae",1,0.0021
"2","Class","PBS-25",1,0.0021
"2","Class","ML635J-21",1,0.0021
"2","Class","BSV26",1,0.0021
"2","Class","ZB2",1,0.0021
"2","Class","PAUC37f",1,0.0021
"2","Order","unassigned",107,0.2211
"2","Order","Myxococcales",24,0.0496
"2","Order","Pirellulales",18,0.0372
"2","Order","Gemmatales",18,0.0372
"2","Order","Pedosphaerales",16,0.0331
"2","Order","Acidimicrobiales",13,0.0269
"2","Order","Saprospirales",12,0.0248
"2","Order","Sediment-1",12,0.0248
"2","Order","Gaiellales",11,0.0227
"2","Order","Solibacterales",10,0.0207
"2","Order","Rhodospirillales",10,0.0207
"2","Order","Sphingobacteriales",9,0.0186
"2","Order","Planctomycetales",9,0.0186
"2","Order","Rhizobiales",9,0.0186
"2","Order","SC-I-84",8,0.0165
"2","Order","iii1-15",7,0.0145
"2","Order","WD2101",7,0.0145
"2","Order","Syntrophobacterales",7,0.0145
"2","Order","Cytophagales",6,0.0124
"2","Order","Actinomycetales",6,0.0124
"2","Order","Opitutales",6,0.0124
"2","Order","CCU21",5,0.0103
"2","Order","MND1",5,0.0103
"2","Order","RB41",5,0.0103
"2","Order","Gemmatimonadales",5,0.0103
"2","Order","SJA-22",5,0.0103
"2","Order","IIb",5,0.0103
"2","Order","Solirubrobacterales",5,0.0103
"2","Order","Bacillales",5,0.0103
"2","Order","NB1-j",5,0.0103
"2","Order","CL500-15",4,0.0083
"2","Order","H39",4,0.0083
"2","Order","Nitrospirales",4,0.0083
"2","Order","agg27",4,0.0083
"2","Order","Ellin5290",3,0.0062
"2","Order","envOPS12",3,0.0062
"2","Order","FAC88",3,0.0062
"2","Order","SBR1031",3,0.0062
"2","Order","Flavobacteriales",3,0.0062
"2","Order","HTCC2188",3,0.0062
"2","Order","Chthoniobacterales",3,0.0062
"2","Order","Phycisphaerales",3,0.0062
"2","Order","Fimbriimonadales",3,0.0062
"2","Order","Xanthomonadales",3,0.0062
"2","Order","Ellin329",3,0.0062
"2","Order","Acidobacteriales",3,0.0062
"2","Order","MLE1-12",2,0.0041
"2","Order","Desulfuromonadales",2,0.0041
"2","Order","Burkholderiales",2,0.0041
"2","Order","Clostridiales",2,0.0041
"2","Order","LD1-PA13",2,0.0041
"2","Order","Ellin6067",2,0.0041
"2","Order","Chlamydiales",2,0.0041
"2","Order","0319-7L14",2,0.0041
"2","Order","MVS-107",2,0.0041
"2","Order","Roseiflexales",2,0.0041
"2","Order","C114",2,0.0041
"2","Order","Bdellovibrionales",2,0.0041
"2","Order","MIZ46",2,0.0041
"2","Order","Rhodobacterales",2,0.0041
"2","Order","Legionellales",2,0.0041
"2","Order","Verrucomicrobiales",2,0.0041
"2","Order","A21b",2,0.0041
"2","Order","11-24",2,0.0041
"2","Order","Ellin6513",2,0.0041
"2","Order","PK29",2,0.0041
"2","Order","JH-WHS99",1,0.0021
"2","Order","Caulobacterales",1,0.0021
"2","Order","Rhodocyclales",1,0.0021
"2","Order","Leptospirales",1,0.0021
"2","Order","DS-18",1,0.0021
"2","Order","Sva0725",1,0.0021
"2","Order","258ds10",1,0.0021
"2","Order","Spirochaetales",1,0.0021
"2","Order","Stramenopiles",1,0.0021
"2","Order","S-BQ2-57",1,0.0021
"2","Order","Streptophyta",1,0.0021
"2","Order","MVP-88",1,0.0021
"2","Order","KD8-87",1,0.0021
"2","Order","A89",1,0.0021
"2","Order","Elusimicrobiales",1,0.0021
"2","Order","SJA-36",1,0.0021
"2","Order","A31",1,0.0021
"2","Order","AKYG885",1,0.0021
"2","Order","32-20",1,0.0021
"2","Order","Chromatiales",1,0.0021
"2","Order","DS-100",1,0.0021
"2","Order","CCM11a",1,0.0021
"2","Family","unassigned",277,0.5723
"2","Family","Pirellulaceae",18,0.0372
"2","Family","Gemmataceae",16,0.0331
"2","Family","PRR-10",10,0.0207
"2","Family","Planctomycetaceae",9,0.0186
"2","Family","Gaiellaceae",8,0.0165
"2","Family","Chitinophagaceae",8,0.0165
"2","Family","Cytophagaceae",6,0.0124
"2","Family","Syntrophobacteraceae",6,0.0124
"2","Family","Opitutaceae",6,0.0124
"2","Family","EB1017",6,0.0124
"2","Family","auto67_4W",5,0.0103
"2","Family","Rhodospirillaceae",5,0.0103
"2","Family","Polyangiaceae",5,0.0103
"2","Family","Haliangiaceae",4,0.0083
"2","Family","Ellin5301",3,0.0062
"2","Family","A4b",3,0.0062
"2","Family","Nitrospiraceae",3,0.0062
"2","Family","Alicyclobacillaceae",3,0.0062
"2","Family","HTCC2089",3,0.0062
"2","Family","Chthoniobacteraceae",3,0.0062
"2","Family","Hyphomicrobiaceae",3,0.0062
"2","Family","Fimbriimonadaceae",3,0.0062
"2","Family","Saprospiraceae",2,0.0041
"2","Family","Isosphaeraceae",2,0.0041
"2","Family","Myxococcaceae",2,0.0041
"2","Family","C111",2,0.0041
"2","Family","Intrasporangiaceae",2,0.0041
"2","Family","Flavobacteriaceae",2,0.0041
"2","Family","R4-41B",2,0.0041
"2","Family","OM27",2,0.0041
"2","Family","Kouleothrixaceae",2,0.0041
"2","Family","Ellin6075",2,0.0041
"2","Family","Hyphomonadaceae",2,0.0041
"2","Family","MND4",2,0.0041
"2","Family","Verrucomicrobiaceae",2,0.0041
"2","Family","Mycobacteriaceae",2,0.0041
"2","Family","UD5",2,0.0041
"2","Family","Methylocystaceae",2,0.0041
"2","Family","Ellin515",2,0.0041
"2","Family","RB40",2,0.0041
"2","Family","Koribacteraceae",2,0.0041
"2","Family","mb2424",1,0.0021
"2","Family","Geobacteraceae",1,0.0021
"2","Family","Caulobacteraceae",1,0.0021
"2","Family","Sphingobacteriaceae",1,0.0021
"2","Family","Comamonadaceae",1,0.0021
"2","Family","0319-6A21",1,0.0021
"2","Family","Rhodocyclaceae",1,0.0021
"2","Family","Peptostreptococcaceae",1,0.0021
"2","Family","Leptospiraceae",1,0.0021
"2","Family","OPB35",1,0.0021
"2","Family","Patulibacteraceae",1,0.0021
"2","Family","Ellin517",1,0.0021
"2","Family","Spirochaetaceae",1,0.0021
"2","Family","Pseudonocardiaceae",1,0.0021
"2","Family","Bradyrhizobiaceae",1,0.0021
"2","Family","Bacteriovoracaceae",1,0.0021
"2","Family","Bacillaceae",1,0.0021
"2","Family","PAUC26f",1,0.0021
"2","Family","Sinobacteraceae",1,0.0021
"2","Family","Iamiaceae",1,0.0021
"2","Family","Paenibacillaceae",1,0.0021
"2","Family","S47",1,0.0021
"2","Family","5B-12",1,0.0021
"2","Family","Nannocystaceae",1,0.0021
"2","Family","Acidobacteriaceae",1,0.0021
"2","Family","Cryomorphaceae",1,0.0021
"2","Family","Solibacteraceae",1,0.0021
"2","Family","Clostridiaceae",1,0.0021
"2","Family","NB1-i",1,0.0021
"2","Family","Pelobacteraceae",1,0.0021
"2","Family","Acetobacteraceae",1,0.0021
"2","Family","Gemmatimonadaceae",1,0.0021
"2","Family","Bdellovibrionaceae",1,0.0021
"2","Genus","unassigned",412,0.8512
"2","Genus","Planctomyces",9,0.0186
"2","Genus","Gemmata",7,0.0145
"2","Genus","Pirellula",6,0.0124
"2","Genus","Opitutus",4,0.0083
"2","Genus","Nitrospira",3,0.0062
"2","Genus","Alicyclobacillus",3,0.0062
"2","Genus","A17",3,0.0062
"2","Genus","Fimbriimonas",3,0.0062
"2","Genus","Clostridium",2,0.0041
"2","Genus","Flavobacterium",2,0.0041
"2","Genus","Mycobacterium",2,0.0041
"2","Genus","OR-59",2,0.0041
"2","Genus","Geobacter",1,0.0021
"2","Genus","Phenylobacterium",1,0.0021
"2","Genus","Solitalea",1,0.0021
"2","Genus","Paucibacter",1,0.0021
"2","Genus","Terracoccus",1,0.0021
"2","Genus","Anaeromyxobacter",1,0.0021
"2","Genus","Zoogloea",1,0.0021
"2","Genus","Turneriella",1,0.0021
"2","Genus","Sediminibacterium",1,0.0021
"2","Genus","Pseudonocardia",1,0.0021
"2","Genus","Bradyrhizobium",1,0.0021
"2","Genus","Bacillus",1,0.0021
"2","Genus","Methylosinus",1,0.0021
"2","Genus","Sporocytophaga",1,0.0021
"2","Genus","Steroidobacter",1,0.0021
"2","Genus","Iamia",1,0.0021
"2","Genus","Paenibacillus",1,0.0021
"2","Genus","Aetherobacter",1,0.0021
"2","Genus","Pedomicrobium",1,0.0021
"2","Genus","Haliangium",1,0.0021
"2","Genus","Oryzihumus",1,0.0021
"2","Genus","Pelobacter",1,0.0021
"2","Genus","Niabella",1,0.0021
"2","Genus","Gemmatimonas",1,0.0021
"2","Genus","Bdellovibrio",1,0.0021
"2","Genus","Hyphomicrobium",1,0.0021
"2","Species","unassigned",479,0.9897
"2","Species","koreensis",1,0.0021
"2","Species","bifermentans",1,0.0021
"2","Species","succinicans",1,0.0021
"2","Species","fasciculatus",1,0.0021
"2","Species","leptocrescens",1,0.0021
"3","Kingdom","Bacteria",625,1
"3","Phylum","Proteobacteria",200,0.32
"3","Phylum","Planctomycetes",105,0.168
"3","Phylum","Actinobacteria",96,0.1536
"3","Phylum","Acidobacteria",78,0.1248
"3","Phylum","Chloroflexi",27,0.0432
"3","Phylum","Verrucomicrobia",25,0.04
"3","Phylum","Gemmatimonadetes",19,0.0304
"3","Phylum","Bacteroidetes",15,0.024
"3","Phylum","unassigned",11,0.0176
"3","Phylum","Armatimonadetes",9,0.0144
"3","Phylum","Elusimicrobia",8,0.0128
"3","Phylum","WS3",6,0.0096
"3","Phylum","Firmicutes",6,0.0096
"3","Phylum","Nitrospirae",5,0.008
"3","Phylum","AD3",5,0.008
"3","Phylum","Cyanobacteria",3,0.0048
"3","Phylum","Chlorobi",2,0.0032
"3","Phylum","TM7",1,0.0016
"3","Phylum","FCPU426",1,0.0016
"3","Phylum","Fibrobacteres",1,0.0016
"3","Phylum","Spirochaetes",1,0.0016
"3","Phylum","TM6",1,0.0016
"3","Class","Deltaproteobacteria",93,0.1488
"3","Class","Planctomycetia",66,0.1056
"3","Class","Alphaproteobacteria",53,0.0848
"3","Class","Thermoleophilia",45,0.072
"3","Class","Actinobacteria",34,0.0544
"3","Class","unassigned",34,0.0544
"3","Class","Acidobacteriia",26,0.0416
"3","Class","Betaproteobacteria",25,0.04
"3","Class","Phycisphaerae",22,0.0352
"3","Class","Solibacteres",17,0.0272
"3","Class","Gemmatimonadetes",15,0.024
"3","Class","Pedosphaerae",15,0.024
"3","Class","Acidimicrobiia",14,0.0224
"3","Class","Gammaproteobacteria",14,0.0224
"3","Class","Acidobacteria-5",10,0.016
"3","Class","TK10",9,0.0144
"3","Class","Elusimicrobia",8,0.0128
"3","Class","Fimbriimonadia",8,0.0128
"3","Class","Spartobacteria",7,0.0112
"3","Class","DA052",7,0.0112
"3","Class","Anaerolineae",7,0.0112
"3","Class","Chloracidobacteria",6,0.0096
"3","Class","Saprospirae",6,0.0096
"3","Class","Ktedonobacteria",6,0.0096
"3","Class","PRR-12",6,0.0096
"3","Class","OM190",6,0.0096
"3","Class","Sphingobacteriia",6,0.0096
"3","Class","Nitrospira",5,0.008
"3","Class","Bacilli",5,0.008
"3","Class","iii1-8",4,0.0064
"3","Class","ABS-6",4,0.0064
"3","Class","Gemm-1",3,0.0048
"3","Class","Acidobacteria-6",3,0.0048
"3","Class","Pla4",3,0.0048
"3","Class","4C0d-2",3,0.0048
"3","Class","MB-A2-108",3,0.0048
"3","Class","BD7-11",3,0.0048
"3","Class","Opitutae",3,0.0048
"3","Class","vadinHA49",2,0.0032
"3","Class","Sva0725",2,0.0032
"3","Class","Ellin6529",2,0.0032
"3","Class","Cytophagia",2,0.0032
"3","Class","Gemm-2",1,0.0016
"3","Class","SC3",1,0.0016
"3","Class","Fibrobacteria",1,0.0016
"3","Class","SJA-28",1,0.0016
"3","Class","Clostridia",1,0.0016
"3","Class","S085",1,0.0016
"3","Class","C0119",1,0.0016
"3","Class","Spirochaetes",1,0.0016
"3","Class","SJA-4",1,0.0016
"3","Class","Chthonomonadetes",1,0.0016
"3","Class","JG37-AG-4",1,0.0016
"3","Class","Chloroflexi",1,0.0016
"3","Class","TM1",1,0.0016
"3","Order","unassigned",104,0.1664
"3","Order","Myxococcales",67,0.1072
"3","Order","Gemmatales",45,0.072
"3","Order","Actinomycetales",34,0.0544
"3","Order","Gaiellales",27,0.0432
"3","Order","Acidobacteriales",26,0.0416
"3","Order","WD2101",18,0.0288
"3","Order","Pirellulales",18,0.0288
"3","Order","Solirubrobacterales",18,0.0288
"3","Order","Solibacterales",17,0.0272
"3","Order","Pedosphaerales",15,0.024
"3","Order","Acidimicrobiales",14,0.0224
"3","Order","Rhizobiales",14,0.0224
"3","Order","Syntrophobacterales",13,0.0208
"3","Order","Rhodospirillales",11,0.0176
"3","Order","Xanthomonadales",11,0.0176
"3","Order","Burkholderiales",9,0.0144
"3","Order","Fimbriimonadales",8,0.0128
"3","Order","Chthoniobacterales",7,0.0112
"3","Order","Ellin6513",7,0.0112
"3","Order","B07_WMSP1",7,0.0112
"3","Order","Saprospirales",6,0.0096
"3","Order","Sediment-1",6,0.0096
"3","Order","Caulobacterales",6,0.0096
"3","Order","Sphingobacteriales",6,0.0096
"3","Order","Nitrospirales",5,0.008
"3","Order","MND1",5,0.008
"3","Order","SBR1031",5,0.008
"3","Order","Bacillales",5,0.008
"3","Order","Bdellovibrionales",5,0.008
"3","Order","Sphingomonadales",5,0.008
"3","Order","Ellin329",4,0.0064
"3","Order","agg27",4,0.0064
"3","Order","JG30-KF-AS9",3,0.0048
"3","Order","FAC88",3,0.0048
"3","Order","SC-I-84",3,0.0048
"3","Order","Ellin5290",3,0.0048
"3","Order","IIb",3,0.0048
"3","Order","MLE1-12",3,0.0048
"3","Order","0319-7L14",3,0.0048
"3","Order","Gemmatimonadales",3,0.0048
"3","Order","Opitutales",3,0.0048
"3","Order","PK29",2,0.0032
"3","Order","Sva0725",2,0.0032
"3","Order","Ktedonobacterales",2,0.0032
"3","Order","Pla1",2,0.0032
"3","Order","CL500-15",2,0.0032
"3","Order","Planctomycetales",2,0.0032
"3","Order","32-20",2,0.0032
"3","Order","A21b",2,0.0032
"3","Order","AKYG885",2,0.0032
"3","Order","Elusimicrobiales",2,0.0032
"3","Order","Cytophagales",2,0.0032
"3","Order","RB41",2,0.0032
"3","Order","DH61",1,0.0016
"3","Order","p04_C01",1,0.0016
"3","Order","iii1-15",1,0.0016
"3","Order","N1423WL",1,0.0016
"3","Order","258ds10",1,0.0016
"3","Order","DS-18",1,0.0016
"3","Order","B97",1,0.0016
"3","Order","Rhodobacterales",1,0.0016
"3","Order","MIZ46",1,0.0016
"3","Order","Clostridiales",1,0.0016
"3","Order","CCU21",1,0.0016
"3","Order","11-24",1,0.0016
"3","Order","DS-100",1,0.0016
"3","Order","Spirochaetales",1,0.0016
"3","Order","NB1-j",1,0.0016
"3","Order","SJA-36",1,0.0016
"3","Order","Phycisphaerales",1,0.0016
"3","Order","Thermogemmatisporales",1,0.0016
"3","Order","H39",1,0.0016
"3","Order","A31",1,0.0016
"3","Order","Chthonomonadales",1,0.0016
"3","Order","Roseiflexales",1,0.0016
"3","Family","unassigned",286,0.4576
"3","Family","Gemmataceae",35,0.056
"3","Family","Gaiellaceae",24,0.0384
"3","Family","Koribacteraceae",22,0.0352
"3","Family","Pirellulaceae",18,0.0288
"3","Family","Solibacteraceae",14,0.0224
"3","Family","Polyangiaceae",12,0.0192
"3","Family","Haliangiaceae",10,0.016
"3","Family","Isosphaeraceae",10,0.016
"3","Family","Syntrophobacteraceae",10,0.016
"3","Family","Rhodospirillaceae",8,0.0128
"3","Family","Fimbriimonadaceae",8,0.0128
"3","Family","Chthoniobacteraceae",7,0.0112
"3","Family","EB1017",7,0.0112
"3","Family","Myxococcaceae",7,0.0112
"3","Family","Ellin517",7,0.0112
"3","Family","Micromonosporaceae",7,0.0112
"3","Family","Chitinophagaceae",6,0.0096
"3","Family","Hyphomicrobiaceae",6,0.0096
"3","Family","Caulobacteraceae",6,0.0096
"3","Family","Conexibacteraceae",6,0.0096
"3","Family","Burkholderiaceae",5,0.008
"3","Family","A4b",5,0.008
"3","Family","PRR-10",5,0.008
"3","Family","Bdellovibrionaceae",5,0.008
"3","Family","Sinobacteraceae",5,0.008
"3","Family","Xanthomonadaceae",5,0.008
"3","Family","Ellin515",5,0.008
"3","Family","0319-6A21",4,0.0064
"3","Family","Acidobacteriaceae",4,0.0064
"3","Family","Sphingomonadaceae",4,0.0064
"3","Family","Streptomycetaceae",3,0.0048
"3","Family","Nannocystaceae",3,0.0048
"3","Family","Mycobacteriaceae",3,0.0048
"3","Family","Acetobacteraceae",3,0.0048
"3","Family","Nocardioidaceae",3,0.0048
"3","Family","Opitutaceae",3,0.0048
"3","Family","Oxalobacteraceae",2,0.0032
"3","Family","Paenibacillaceae",2,0.0032
"3","Family","Ktedonobacteraceae",2,0.0032
"3","Family","Patulibacteraceae",2,0.0032
"3","Family","Planctomycetaceae",2,0.0032
"3","Family","EB1003",2,0.0032
"3","Family","Iamiaceae",2,0.0032
"3","Family","Cytophagaceae",2,0.0032
"3","Family","Xanthobacteraceae",1,0.0016
"3","Family","Phyllobacteriaceae",1,0.0016
"3","Family","Solirubrobacteraceae",1,0.0016
"3","Family","Actinosynnemataceae",1,0.0016
"3","Family","Hyphomonadaceae",1,0.0016
"3","Family","auto67_4W",1,0.0016
"3","Family","Rhizobiaceae",1,0.0016
"3","Family","Alicyclobacillaceae",1,0.0016
"3","Family","0319-6G20",1,0.0016
"3","Family","Comamonadaceae",1,0.0016
"3","Family","Clostridiaceae",1,0.0016
"3","Family","Ellin5301",1,0.0016
"3","Family","5B-12",1,0.0016
"3","Family","Dolo_23",1,0.0016
"3","Family","Erythrobacteraceae",1,0.0016
"3","Family","Spirochaetaceae",1,0.0016
"3","Family","AKIW874",1,0.0016
"3","Family","Ellin6075",1,0.0016
"3","Family","Frankiaceae",1,0.0016
"3","Family","Thermogemmatisporaceae",1,0.0016
"3","Family","S47",1,0.0016
"3","Family","Geodermatophilaceae",1,0.0016
"3","Family","Chthonomonadaceae",1,0.0016
"3","Family","Leptospirillaceae",1,0.0016
"3","Family","Sphingobacteriaceae",1,0.0016
"3","Family","Pseudonocardiaceae",1,0.0016
"3","Family","Kouleothrixaceae",1,0.0016
"3","Family","Bacillaceae",1,0.0016
"3","Genus","unassigned",510,0.816
"3","Genus","Gemmata",11,0.0176
"3","Genus","Candidatus Solibacter",10,0.016
"3","Genus","A17",8,0.0128
"3","Genus","Fimbriimonas",8,0.0128
"3","Genus","Candidatus Koribacter",7,0.0112
"3","Genus","DA101",5,0.008
"3","Genus","Bdellovibrio",5,0.008
"3","Genus","Burkholderia",4,0.0064
"3","Genus","Rhodoplanes",4,0.0064
"3","Genus","Pirellula",3,0.0048
"3","Genus","Kaistobacter",3,0.0048
"3","Genus","Nannocystis",3,0.0048
"3","Genus","Mycobacterium",3,0.0048
"3","Genus","Streptomyces",2,0.0032
"3","Genus","Paenibacillus",2,0.0032
"3","Genus","Phenylobacterium",2,0.0032
"3","Genus","Planctomyces",2,0.0032
"3","Genus","Chondromyces",2,0.0032
"3","Genus","Candidatus Xiphinematobacter",1,0.0016
"3","Genus","Salinispora",1,0.0016
"3","Genus","Streptacidiphilus",1,0.0016
"3","Genus","Labrys",1,0.0016
"3","Genus","Mesorhizobium",1,0.0016
"3","Genus","Actinoalloteichus",1,0.0016
"3","Genus","Corallococcus",1,0.0016
"3","Genus","Flavisolibacter",1,0.0016
"3","Genus","Telmatospirillum",1,0.0016
"3","Genus","Hyphomicrobium",1,0.0016
"3","Genus","Rhizobium",1,0.0016
"3","Genus","Alicyclobacillus",1,0.0016
"3","Genus","FFCH10602",1,0.0016
"3","Genus","Pilimelia",1,0.0016
"3","Genus","Nostocoida",1,0.0016
"3","Genus","Clostridium",1,0.0016
"3","Genus","Haliangium",1,0.0016
"3","Genus","Dactylosporangium",1,0.0016
"3","Genus","Rhodopila",1,0.0016
"3","Genus","Spirochaeta",1,0.0016
"3","Genus","Catellatospora",1,0.0016
"3","Genus","Iamia",1,0.0016
"3","Genus","Nocardioides",1,0.0016
"3","Genus","Singulisphaera",1,0.0016
"3","Genus","Pedomicrobium",1,0.0016
"3","Genus","Edaphobacter",1,0.0016
"3","Genus","Opitutus",1,0.0016
"3","Genus","Novosphingobium",1,0.0016
"3","Genus","Conexibacter",1,0.0016
"3","Genus","Bacillus",1,0.0016
"3","Genus","Chthoniobacter",1,0.0016
"3","Species","unassigned",616,0.9856
"3","Species","lanatus",1,0.0016
"3","Species","exiguus",1,0.0016
"3","Species","limicola",1,0.0016
"3","Species","globiformis",1,0.0016
"3","Species","aurantia",1,0.0016
"3","Species","bryophila",1,0.0016
"3","Species","curdlanolyticus",1,0.0016
"3","Species","cereus",1,0.0016
"3","Species","celatum",1,0.0016
"4","Kingdom","Bacteria",24,1
"4","Phylum","Proteobacteria",12,0.5
"4","Phylum","Acidobacteria",10,0.4167
"4","Phylum","Actinobacteria",2,0.0833
"4","Class","Acidobacteria-6",8,0.3333
"4","Class","Alphaproteobacteria",6,0.25
"4","Class","Deltaproteobacteria",5,0.2083
"4","Class","Acidimicrobiia",1,0.0417
"4","Class","Betaproteobacteria",1,0.0417
"4","Class","Thermoleophilia",1,0.0417
"4","Class","Sva0725",1,0.0417
"4","Class","iii1-8",1,0.0417
"4","Order","iii1-15",7,0.2917
"4","Order","Rhizobiales",4,0.1667
"4","Order","Myxococcales",3,0.125
"4","Order","Syntrophobacterales",2,0.0833
"4","Order","Acidimicrobiales",1,0.0417
"4","Order","Ellin6067",1,0.0417
"4","Order","Gaiellales",1,0.0417
"4","Order","Sva0725",1,0.0417
"4","Order","Rhodobacterales",1,0.0417
"4","Order","unassigned",1,0.0417
"4","Order","32-20",1,0.0417
"4","Order","CCU21",1,0.0417
"4","Family","unassigned",14,0.5833
"4","Family","Hyphomicrobiaceae",4,0.1667
"4","Family","Syntrophobacteraceae",2,0.0833
"4","Family","EB1017",1,0.0417
"4","Family","Haliangiaceae",1,0.0417
"4","Family","Gaiellaceae",1,0.0417
"4","Family","Hyphomonadaceae",1,0.0417
"4","Genus","unassigned",20,0.8333
"4","Genus","Rhodoplanes",2,0.0833
"4","Genus","Pedomicrobium",1,0.0417
"4","Genus","Devosia",1,0.0417
"4","Species","unassigned",24,1
"5","Kingdom","Bacteria",367,1
"5","Phylum","Proteobacteria",115,0.3134
"5","Phylum","Bacteroidetes",50,0.1362
"5","Phylum","Actinobacteria",44,0.1199
"5","Phylum","Acidobacteria",38,0.1035
"5","Phylum","Planctomycetes",23,0.0627
"5","Phylum","Verrucomicrobia",23,0.0627
"5","Phylum","Chloroflexi",18,0.049
"5","Phylum","Gemmatimonadetes",15,0.0409
"5","Phylum","unassigned",14,0.0381
"5","Phylum","Firmicutes",6,0.0163
"5","Phylum","Elusimicrobia",4,0.0109
"5","Phylum","Fibrobacteres",3,0.0082
"5","Phylum","Nitrospirae",2,0.0054
"5","Phylum","Cyanobacteria",2,0.0054
"5","Phylum","WS3",2,0.0054
"5","Phylum","FBP",2,0.0054
"5","Phylum","Chlorobi",2,0.0054
"5","Phylum","Chlamydiae",1,0.0027
"5","Phylum","TM6",1,0.0027
"5","Phylum","TM7",1,0.0027
"5","Phylum","Armatimonadetes",1,0.0027
"5","Class","Alphaproteobacteria",36,0.0981
"5","Class","Deltaproteobacteria",32,0.0872
"5","Class","Betaproteobacteria",26,0.0708
"5","Class","unassigned",26,0.0708
"5","Class","Gammaproteobacteria",16,0.0436
"5","Class","Thermoleophilia",16,0.0436
"5","Class","Acidimicrobiia",15,0.0409
"5","Class","Saprospirae",15,0.0409
"5","Class","Gemmatimonadetes",14,0.0381
"5","Class","Cytophagia",13,0.0354
"5","Class","Actinobacteria",12,0.0327
"5","Class","Planctomycetia",11,0.03
"5","Class","Sphingobacteriia",10,0.0272
"5","Class","Solibacteres",10,0.0272
"5","Class","Spartobacteria",9,0.0245
"5","Class","Pedosphaerae",9,0.0245
"5","Class","Flavobacteriia",9,0.0245
"5","Class","Phycisphaerae",8,0.0218
"5","Class","Acidobacteria-6",8,0.0218
"5","Class","Chloracidobacteria",8,0.0218
"5","Class","Acidobacteria-5",6,0.0163
"5","Class","Anaerolineae",6,0.0163
"5","Class","Elusimicrobia",4,0.0109
"5","Class","Bacilli",4,0.0109
"5","Class","TK10",4,0.0109
"5","Class","Fibrobacteria",3,0.0082
"5","Class","Verrucomicrobiae",3,0.0082
"5","Class","Ellin6529",2,0.0054
"5","Class","vadinHA49",2,0.0054
"5","Class","Nitrospira",2,0.0054
"5","Class","Clostridia",2,0.0054
"5","Class","P2-11E",2,0.0054
"5","Class","Sva0725",2,0.0054
"5","Class","PRR-12",2,0.0054
"5","Class","S085",2,0.0054
"5","Class","Acidobacteriia",2,0.0054
"5","Class","Opitutae",2,0.0054
"5","Class","SJA-28",2,0.0054
"5","Class","Chloroflexi",1,0.0027
"5","Class","C0119",1,0.0027
"5","Class","Nostocophycideae",1,0.0027
"5","Class","Gemm-1",1,0.0027
"5","Class","Pla4",1,0.0027
"5","Class","4C0d-2",1,0.0027
"5","Class","Chlamydiia",1,0.0027
"5","Class","OM190",1,0.0027
"5","Class","SJA-4",1,0.0027
"5","Class","SC3",1,0.0027
"5","Class","RB25",1,0.0027
"5","Class","Chthonomonadetes",1,0.0027
"5","Order","unassigned",75,0.2044
"5","Order","Acidimicrobiales",15,0.0409
"5","Order","Myxococcales",15,0.0409
"5","Order","Saprospirales",15,0.0409
"5","Order","Cytophagales",13,0.0354
"5","Order","Actinomycetales",12,0.0327
"5","Order","Sphingobacteriales",10,0.0272
"5","Order","Solirubrobacterales",10,0.0272
"5","Order","Solibacterales",10,0.0272
"5","Order","Chthoniobacterales",9,0.0245
"5","Order","Rhizobiales",9,0.0245
"5","Order","Pedosphaerales",9,0.0245
"5","Order","Flavobacteriales",9,0.0245
"5","Order","Burkholderiales",8,0.0218
"5","Order","SC-I-84",8,0.0218
"5","Order","Rhodospirillales",7,0.0191
"5","Order","Xanthomonadales",7,0.0191
"5","Order","Pirellulales",7,0.0191
"5","Order","Gaiellales",6,0.0163
"5","Order","Caulobacterales",6,0.0163
"5","Order","Sphingomonadales",6,0.0163
"5","Order","WD2101",6,0.0163
"5","Order","RB41",6,0.0163
"5","Order","Legionellales",5,0.0136
"5","Order","Ellin5290",5,0.0136
"5","Order","MIZ46",4,0.0109
"5","Order","AKYG885",4,0.0109
"5","Order","SBR1031",3,0.0082
"5","Order","iii1-15",3,0.0082
"5","Order","258ds10",3,0.0082
"5","Order","Bacillales",3,0.0082
"5","Order","FAC88",3,0.0082
"5","Order","C114",3,0.0082
"5","Order","Verrucomicrobiales",3,0.0082
"5","Order","CCU21",3,0.0082
"5","Order","p04_C01",2,0.0054
"5","Order","Nitrospirales",2,0.0054
"5","Order","Bdellovibrionales",2,0.0054
"5","Order","Gemmatales",2,0.0054
"5","Order","Clostridiales",2,0.0054
"5","Order","Ellin329",2,0.0054
"5","Order","A21b",2,0.0054
"5","Order","Planctomycetales",2,0.0054
"5","Order","Sva0725",2,0.0054
"5","Order","Sediment-1",2,0.0054
"5","Order","Ellin6067",2,0.0054
"5","Order","Acidobacteriales",2,0.0054
"5","Order","Gemmatimonadales",2,0.0054
"5","Order","Pseudomonadales",2,0.0054
"5","Order","IIb",1,0.0027
"5","Order","Roseiflexales",1,0.0027
"5","Order","Turicibacterales",1,0.0027
"5","Order","Nostocales",1,0.0027
"5","Order","Rhodobacterales",1,0.0027
"5","Order","S-70",1,0.0027
"5","Order","SM1D11",1,0.0027
"5","Order","Chlamydiales",1,0.0027
"5","Order","KD8-87",1,0.0027
"5","Order","Syntrophobacterales",1,0.0027
"5","Order","agg27",1,0.0027
"5","Order","IS-44",1,0.0027
"5","Order","DS-100",1,0.0027
"5","Order","Opitutales",1,0.0027
"5","Order","PK29",1,0.0027
"5","Order","MND1",1,0.0027
"5","Order","SJA-22",1,0.0027
"5","Order","Cerasicoccales",1,0.0027
"5","Order","H39",1,0.0027
"5","Family","unassigned",179,0.4877
"5","Family","Chitinophagaceae",11,0.03
"5","Family","Cytophagaceae",11,0.03
"5","Family","Chthoniobacteraceae",9,0.0245
"5","Family","Flavobacteriaceae",7,0.0191
"5","Family","Pirellulaceae",7,0.0191
"5","Family","Caulobacteraceae",6,0.0163
"5","Family","Xanthomonadaceae",5,0.0136
"5","Family","Coxiellaceae",5,0.0136
"5","Family","Gaiellaceae",5,0.0136
"5","Family","Solibacteraceae",5,0.0136
"5","Family","Comamonadaceae",5,0.0136
"5","Family","Haliangiaceae",5,0.0136
"5","Family","Sphingomonadaceae",4,0.0109
"5","Family","EB1017",4,0.0109
"5","Family","Rhodospirillaceae",3,0.0082
"5","Family","C111",3,0.0082
"5","Family","Microbacteriaceae",3,0.0082
"5","Family","Hyphomicrobiaceae",3,0.0082
"5","Family","auto67_4W",3,0.0082
"5","Family","Pseudonocardiaceae",3,0.0082
"5","Family","Acetobacteraceae",3,0.0082
"5","Family","Saprospiraceae",3,0.0082
"5","Family","Verrucomicrobiaceae",3,0.0082
"5","Family","Ellin6075",3,0.0082
"5","Family","Oxalobacteraceae",2,0.0054
"5","Family","RB40",2,0.0054
"5","Family","Nitrospiraceae",2,0.0054
"5","Family","Sinobacteraceae",2,0.0054
"5","Family","Flammeovirgaceae",2,0.0054
"5","Family","Clostridiaceae",2,0.0054
"5","Family","Erythrobacteraceae",2,0.0054
"5","Family","Sphingobacteriaceae",2,0.0054
"5","Family","Dolo_23",2,0.0054
"5","Family","EB1003",2,0.0054
"5","Family","Planctomycetaceae",2,0.0054
"5","Family","Ellin517",2,0.0054
"5","Family","PRR-10",2,0.0054
"5","Family","Acidobacteriaceae",2,0.0054
"5","Family","5B-12",2,0.0054
"5","Family","A4b",2,0.0054
"5","Family","Patulibacteraceae",1,0.0027
"5","Family","oc28",1,0.0027
"5","Family","Weeksellaceae",1,0.0027
"5","Family","OM27",1,0.0027
"5","Family","Myxococcaceae",1,0.0027
"5","Family","Cryomorphaceae",1,0.0027
"5","Family","R4-41B",1,0.0027
"5","Family","Bacteriovoracaceae",1,0.0027
"5","Family","Gemmataceae",1,0.0027
"5","Family","Nocardiaceae",1,0.0027
"5","Family","Bacillaceae",1,0.0027
"5","Family","Kouleothrixaceae",1,0.0027
"5","Family","Isosphaeraceae",1,0.0027
"5","Family","Bradyrhizobiaceae",1,0.0027
"5","Family","Turicibacteraceae",1,0.0027
"5","Family","Conexibacteraceae",1,0.0027
"5","Family","Nostocaceae",1,0.0027
"5","Family","Frankiaceae",1,0.0027
"5","Family","Hyphomonadaceae",1,0.0027
"5","Family","Nakamurellaceae",1,0.0027
"5","Family","Alicyclobacillaceae",1,0.0027
"5","Family","Bdellovibrionaceae",1,0.0027
"5","Family","Syntrophobacteraceae",1,0.0027
"5","Family","Paenibacillaceae",1,0.0027
"5","Family","Beijerinckiaceae",1,0.0027
"5","Family","Iamiaceae",1,0.0027
"5","Family","Opitutaceae",1,0.0027
"5","Family","Gemmatimonadaceae",1,0.0027
"5","Family","Moraxellaceae",1,0.0027
"5","Family","Nocardioidaceae",1,0.0027
"5","Family","Intrasporangiaceae",1,0.0027
"5","Family","Rhodobiaceae",1,0.0027
"5","Family","Pseudomonadaceae",1,0.0027
"5","Family","Cerasicoccaceae",1,0.0027
"5","Family","Ellin5301",1,0.0027
"5","Family","Solirubrobacteraceae",1,0.0027
"5","Family","Alcaligenaceae",1,0.0027
"5","Genus","unassigned",286,0.7793
"5","Genus","Flavobacterium",7,0.0191
"5","Genus","DA101",5,0.0136
"5","Genus","Candidatus Solibacter",4,0.0109
"5","Genus","Pirellula",4,0.0109
"5","Genus","Pseudonocardia",3,0.0082
"5","Genus","Dyadobacter",3,0.0082
"5","Genus","Janthinobacterium",2,0.0054
"5","Genus","Dokdonella",2,0.0054
"5","Genus","Rhodoplanes",2,0.0054
"5","Genus","Nitrospira",2,0.0054
"5","Genus","Cytophaga",2,0.0054
"5","Genus","Roseivirga",2,0.0054
"5","Genus","Luteolibacter",2,0.0054
"5","Genus","Planctomyces",2,0.0054
"5","Genus","Aquicella",2,0.0054
"5","Genus","Phenylobacterium",2,0.0054
"5","Genus","Microbacterium",1,0.0027
"5","Genus","Chryseobacterium",1,0.0027
"5","Genus","Asticcacaulis",1,0.0027
"5","Genus","Peredibacter",1,0.0027
"5","Genus","Gemmata",1,0.0027
"5","Genus","Rhodococcus",1,0.0027
"5","Genus","Bacillus",1,0.0027
"5","Genus","Bosea",1,0.0027
"5","Genus","Turicibacter",1,0.0027
"5","Genus","Nostoc",1,0.0027
"5","Genus","Stenotrophomonas",1,0.0027
"5","Genus","Pedobacter",1,0.0027
"5","Genus","Alicyclobacillus",1,0.0027
"5","Genus","Bdellovibrio",1,0.0027
"5","Genus","Clostridium",1,0.0027
"5","Genus","Chthoniobacter",1,0.0027
"5","Genus","Ellin506",1,0.0027
"5","Genus","Sphingobium",1,0.0027
"5","Genus","Paenibacillus",1,0.0027
"5","Genus","Caulobacter",1,0.0027
"5","Genus","Methylibium",1,0.0027
"5","Genus","Hylemonella",1,0.0027
"5","Genus","Kaistobacter",1,0.0027
"5","Genus","Iamia",1,0.0027
"5","Genus","Novosphingobium",1,0.0027
"5","Genus","Edaphobacter",1,0.0027
"5","Genus","Paucibacter",1,0.0027
"5","Genus","Rickettsiella",1,0.0027
"5","Genus","Gemmatimonas",1,0.0027
"5","Genus","Phycicoccus",1,0.0027
"5","Genus","Afifella",1,0.0027
"5","Genus","Pseudomonas",1,0.0027
"5","Genus","Mycoplana",1,0.0027
"5","Genus","Emticicia",1,0.0027
"5","Genus","Achromobacter",1,0.0027
"5","Species","unassigned",356,0.97
"5","Species","succinicans",3,0.0082
"5","Species","biprosthecium",1,0.0027
"5","Species","starrii",1,0.0027
"5","Species","thermoamylovorans",1,0.0027
"5","Species","genosp.",1,0.0027
"5","Species","cryoconitis",1,0.0027
"5","Species","henricii",1,0.0027
"5","Species","modestum",1,0.0027
"5","Species","viridiflava",1,0.0027
"6","Kingdom","Bacteria",739,1
"6","Phylum","Proteobacteria",217,0.2936
"6","Phylum","Acidobacteria",128,0.1732
"6","Phylum","Actinobacteria",89,0.1204
"6","Phylum","Verrucomicrobia",56,0.0758
"6","Phylum","Bacteroidetes",52,0.0704
"6","Phylum","Planctomycetes",29,0.0392
"6","Phylum","Chloroflexi",28,0.0379
"6","Phylum","Elusimicrobia",21,0.0284
"6","Phylum","unassigned",20,0.0271
"6","Phylum","Gemmatimonadetes",19,0.0257
"6","Phylum","Firmicutes",14,0.0189
"6","Phylum","Chlamydiae",11,0.0149
"6","Phylum","Armatimonadetes",11,0.0149
"6","Phylum","AD3",8,0.0108
"6","Phylum","Chlorobi",6,0.0081
"6","Phylum","TM6",4,0.0054
"6","Phylum","Cyanobacteria",4,0.0054
"6","Phylum","FBP",4,0.0054
"6","Phylum","Fibrobacteres",3,0.0041
"6","Phylum","TM7",3,0.0041
"6","Phylum","OD1",3,0.0041
"6","Phylum","WPS-2",2,0.0027
"6","Phylum","FCPU426",2,0.0027
"6","Phylum","Spirochaetes",1,0.0014
"6","Phylum","WS3",1,0.0014
"6","Phylum","BRC1",1,0.0014
"6","Phylum","Nitrospirae",1,0.0014
"6","Phylum","OP3",1,0.0014
"6","Class","Alphaproteobacteria",89,0.1204
"6","Class","Deltaproteobacteria",74,0.1001
"6","Class","unassigned",60,0.0812
"6","Class","Acidobacteriia",45,0.0609
"6","Class","Solibacteres",37,0.0501
"6","Class","Thermoleophilia",31,0.0419
"6","Class","Actinobacteria",29,0.0392
"6","Class","Acidimicrobiia",25,0.0338
"6","Class","Gammaproteobacteria",22,0.0298
"6","Class","Betaproteobacteria",21,0.0284
"6","Class","Elusimicrobia",21,0.0284
"6","Class","Pedosphaerae",20,0.0271
"6","Class","Sphingobacteriia",19,0.0257
"6","Class","Gemmatimonadetes",14,0.0189
"6","Class","Spartobacteria",14,0.0189
"6","Class","Phycisphaerae",14,0.0189
"6","Class","Opitutae",12,0.0162
"6","Class","Saprospirae",12,0.0162
"6","Class","Chlamydiia",11,0.0149
"6","Class","Chloracidobacteria",10,0.0135
"6","Class","DA052",9,0.0122
"6","Class","iii1-8",9,0.0122
"6","Class","Planctomycetia",9,0.0122
"6","Class","Clostridia",8,0.0108
"6","Class","Acidobacteria-6",7,0.0095
"6","Class","Methylacidiphilae",6,0.0081
"6","Class","TK10",6,0.0081
"6","Class","Bacilli",6,0.0081
"6","Class","Chthonomonadetes",6,0.0081
"6","Class","Ellin6529",6,0.0081
"6","Class","vadinHA49",6,0.0081
"6","Class","Cytophagia",6,0.0081
"6","Class","Gemm-1",5,0.0068
"6","Class","ABS-6",5,0.0068
"6","Class","S085",4,0.0054
"6","Class","Acidobacteria-5",4,0.0054
"6","Class","Bacteroidia",4,0.0054
"6","Class","SJA-4",4,0.0054
"6","Class","Fibrobacteria",3,0.0041
"6","Class","TK17",3,0.0041
"6","Class","Ktedonobacteria",3,0.0041
"6","Class","SC3",3,0.0041
"6","Class","Armatimonadia",3,0.0041
"6","Class","JG37-AG-4",3,0.0041
"6","Class","Anaerolineae",3,0.0041
"6","Class","Sva0725",2,0.0027
"6","Class","SM2F11",2,0.0027
"6","Class","C0119",2,0.0027
"6","Class","Holophagae",2,0.0027
"6","Class","Chloroplast",2,0.0027
"6","Class","SJA-28",2,0.0027
"6","Class","TM1",2,0.0027
"6","Class","Gitt-GS-136",1,0.0014
"6","Class","SJA-176",1,0.0014
"6","Class","Verrucomicrobiae",1,0.0014
"6","Class","Spirochaetes",1,0.0014
"6","Class","ZB2",1,0.0014
"6","Class","PRR-12",1,0.0014
"6","Class","PRR-11",1,0.0014
"6","Class","ML635J-21",1,0.0014
"6","Class","4C0d-2",1,0.0014
"6","Class","BSV26",1,0.0014
"6","Class","Nitrospira",1,0.0014
"6","Class","koll11",1,0.0014
"6","Class","EC1113",1,0.0014
"6","Class","Fimbriimonadia",1,0.0014
"6","Order","unassigned",151,0.2043
"6","Order","Acidobacteriales",45,0.0609
"6","Order","Solibacterales",35,0.0474
"6","Order","Actinomycetales",29,0.0392
"6","Order","Myxococcales",28,0.0379
"6","Order","Rhodospirillales",26,0.0352
"6","Order","Acidimicrobiales",25,0.0338
"6","Order","Rhizobiales",21,0.0284
"6","Order","Pedosphaerales",20,0.0271
"6","Order","Sphingobacteriales",19,0.0257
"6","Order","FAC88",18,0.0244
"6","Order","MIZ46",17,0.023
"6","Order","Solirubrobacterales",15,0.0203
"6","Order","Gaiellales",15,0.0203
"6","Order","Chthoniobacterales",14,0.0189
"6","Order","Opitutales",12,0.0162
"6","Order","Saprospirales",12,0.0162
"6","Order","Caulobacterales",11,0.0149
"6","Order","Chlamydiales",11,0.0149
"6","Order","Bdellovibrionales",10,0.0135
"6","Order","RB41",10,0.0135
"6","Order","Ellin6513",9,0.0122
"6","Order","Ellin329",9,0.0122
"6","Order","Xanthomonadales",8,0.0108
"6","Order","Clostridiales",8,0.0108
"6","Order","Planctomycetales",8,0.0108
"6","Order","Burkholderiales",7,0.0095
"6","Order","WD2101",7,0.0095
"6","Order","Bacillales",6,0.0081
"6","Order","Chthonomonadales",6,0.0081
"6","Order","Desulfuromonadales",6,0.0081
"6","Order","Cytophagales",6,0.0081
"6","Order","Ellin5290",5,0.0068
"6","Order","iii1-15",5,0.0068
"6","Order","Legionellales",5,0.0068
"6","Order","CPla-3",5,0.0068
"6","Order","S-BQ2-57",4,0.0054
"6","Order","B07_WMSP1",4,0.0054
"6","Order","Bacteroidales",4,0.0054
"6","Order","Sphingomonadales",4,0.0054
"6","Order","A21b",4,0.0054
"6","Order","Syntrophobacterales",3,0.0041
"6","Order","258ds10",3,0.0041
"6","Order","Ktedonobacterales",3,0.0041
"6","Order","SJA-36",3,0.0041
"6","Order","p04_C01",3,0.0041
"6","Order","FW68",3,0.0041
"6","Order","DS-18",3,0.0041
"6","Order","32-20",3,0.0041
"6","Order","DH61",3,0.0041
"6","Order","H39",3,0.0041
"6","Order","Methylacidiphilales",2,0.0027
"6","Order","JH-WHS99",2,0.0027
"6","Order","Sva0725",2,0.0027
"6","Order","CCU21",2,0.0027
"6","Order","Holophagales",2,0.0027
"6","Order","N1423WL",2,0.0027
"6","Order","AKYG885",2,0.0027
"6","Order","KD8-87",2,0.0027
"6","Order","MBNT15",1,0.0014
"6","Order","IS-44",1,0.0014
"6","Order","GAB-B06",1,0.0014
"6","Order","Verrucomicrobiales",1,0.0014
"6","Order","mle1-8",1,0.0014
"6","Order","Spirochaetales",1,0.0014
"6","Order","BD7-3",1,0.0014
"6","Order","Desulfobacterales",1,0.0014
"6","Order","Elusimicrobiales",1,0.0014
"6","Order","Sediment-1",1,0.0014
"6","Order","SC-I-84",1,0.0014
"6","Order","MND1",1,0.0014
"6","Order","Streptophyta",1,0.0014
"6","Order","mle1-48",1,0.0014
"6","Order","Procabacteriales",1,0.0014
"6","Order","MLE1-12",1,0.0014
"6","Order","VC38",1,0.0014
"6","Order","Phycisphaerales",1,0.0014
"6","Order","Nitrospirales",1,0.0014
"6","Order","Rickettsiales",1,0.0014
"6","Order","Gemmatimonadales",1,0.0014
"6","Order","Spirobacillales",1,0.0014
"6","Order","GIF10",1,0.0014
"6","Order","Stramenopiles",1,0.0014
"6","Order","Gemmatales",1,0.0014
"6","Order","IIb",1,0.0014
"6","Order","Fimbriimonadales",1,0.0014
"6","Order","Pseudomonadales",1,0.0014
"6","Order","Entotheonellales",1,0.0014
"6","Family","unassigned",387,0.5237
"6","Family","Koribacteraceae",30,0.0406
"6","Family","Solibacteraceae",15,0.0203
"6","Family","Rhodospirillaceae",15,0.0203
"6","Family","Acidobacteriaceae",15,0.0203
"6","Family","Chthoniobacteraceae",14,0.0189
"6","Family","Opitutaceae",12,0.0162
"6","Family","Caulobacteraceae",11,0.0149
"6","Family","Acetobacteraceae",10,0.0135
"6","Family","EB1017",10,0.0135
"6","Family","Sphingobacteriaceae",10,0.0135
"6","Family","Bdellovibrionaceae",9,0.0122
"6","Family","Gaiellaceae",9,0.0122
"6","Family","Chitinophagaceae",9,0.0122
"6","Family","Mycobacteriaceae",8,0.0108
"6","Family","Planctomycetaceae",8,0.0108
"6","Family","Hyphomicrobiaceae",8,0.0108
"6","Family","auto67_4W",6,0.0081
"6","Family","Myxococcaceae",6,0.0081
"6","Family","Parachlamydiaceae",6,0.0081
"6","Family","Xanthomonadaceae",6,0.0081
"6","Family","Chthonomonadaceae",6,0.0081
"6","Family","Geobacteraceae",6,0.0081
"6","Family","Coxiellaceae",5,0.0068
"6","Family","Clostridiaceae",5,0.0068
"6","Family","Haliangiaceae",5,0.0068
"6","Family","Ellin515",4,0.0054
"6","Family","Pedosphaeraceae",4,0.0054
"6","Family","FFCH4570",4,0.0054
"6","Family","Sphingomonadaceae",4,0.0054
"6","Family","Methylocystaceae",4,0.0054
"6","Family","Cytophagaceae",4,0.0054
"6","Family","EB1003",4,0.0054
"6","Family","Ellin6075",4,0.0054
"6","Family","Iamiaceae",3,0.0041
"6","Family","Comamonadaceae",3,0.0041
"6","Family","Ktedonobacteraceae",3,0.0041
"6","Family","Paenibacillaceae",3,0.0041
"6","Family","Bradyrhizobiaceae",3,0.0041
"6","Family","Conexibacteraceae",3,0.0041
"6","Family","0319-6G20",2,0.0027
"6","Family","Sinobacteraceae",2,0.0027
"6","Family","Oxalobacteraceae",2,0.0027
"6","Family","Actinospicaceae",2,0.0027
"6","Family","Pseudonocardiaceae",2,0.0027
"6","Family","Sporichthyaceae",2,0.0027
"6","Family","Holophagaceae",2,0.0027
"6","Family","Intrasporangiaceae",2,0.0027
"6","Family","Syntrophobacteraceae",2,0.0027
"6","Family","Syntrophorhabdaceae",1,0.0014
"6","Family","Solirubrobacteraceae",1,0.0014
"6","Family","Bacteriovoracaceae",1,0.0014
"6","Family","Veillonellaceae",1,0.0014
"6","Family","Verrucomicrobiaceae",1,0.0014
"6","Family","Nakamurellaceae",1,0.0014
"6","Family","Spirochaetaceae",1,0.0014
"6","Family","Frankiaceae",1,0.0014
"6","Family","Desulfobulbaceae",1,0.0014
"6","Family","Nannocystaceae",1,0.0014
"6","Family","PRR-10",1,0.0014
"6","Family","Rhizobiaceae",1,0.0014
"6","Family","Streptomycetaceae",1,0.0014
"6","Family","Peptococcaceae",1,0.0014
"6","Family","Alicyclobacillaceae",1,0.0014
"6","Family","Polyangiaceae",1,0.0014
"6","Family","Dolo_23",1,0.0014
"6","Family","Phyllobacteriaceae",1,0.0014
"6","Family","Ruminococcaceae",1,0.0014
"6","Family","Procabacteriaceae",1,0.0014
"6","Family","Streptosporangiaceae",1,0.0014
"6","Family","Burkholderiaceae",1,0.0014
"6","Family","Nitrospiraceae",1,0.0014
"6","Family","Microbacteriaceae",1,0.0014
"6","Family","AKIW874",1,0.0014
"6","Family","Ellin5301",1,0.0014
"6","Family","Flammeovirgaceae",1,0.0014
"6","Family","kpj58rc",1,0.0014
"6","Family","Isosphaeraceae",1,0.0014
"6","Family","Fimbriimonadaceae",1,0.0014
"6","Family","SB-1",1,0.0014
"6","Family","GZKB119",1,0.0014
"6","Family","Patulibacteraceae",1,0.0014
"6","Family","5B-12",1,0.0014
"6","Family","Bryobacteraceae",1,0.0014
"6","Family","Porphyromonadaceae",1,0.0014
"6","Family","Exiguobacteraceae",1,0.0014
"6","Family","Moraxellaceae",1,0.0014
"6","Family","C111",1,0.0014
"6","Family","Entotheonellaceae",1,0.0014
"6","Genus","unassigned",586,0.793
"6","Genus","Candidatus Solibacter",15,0.0203
"6","Genus","Candidatus Koribacter",9,0.0122
"6","Genus","Opitutus",9,0.0122
"6","Genus","Mycobacterium",8,0.0108
"6","Genus","Planctomyces",8,0.0108
"6","Genus","Bdellovibrio",6,0.0081
"6","Genus","Phenylobacterium",6,0.0081
"6","Genus","DA101",6,0.0081
"6","Genus","Rhodoplanes",6,0.0081
"6","Genus","Aquicella",5,0.0068
"6","Genus","Pedosphaera",4,0.0054
"6","Genus","Clostridium",4,0.0054
"6","Genus","Geobacter",4,0.0054
"6","Genus","Iamia",3,0.0041
"6","Genus","Candidatus Protochlamydia",3,0.0041
"6","Genus","Candidatus Xiphinematobacter",3,0.0041
"6","Genus","Bradyrhizobium",3,0.0041
"6","Genus","Ellin506",3,0.0041
"6","Genus","Pedobacter",2,0.0027
"6","Genus","Geothrix",2,0.0027
"6","Genus","Paenibacillus",2,0.0027
"6","Genus","Hyphomicrobium",2,0.0027
"6","Genus","Flavisolibacter",2,0.0027
"6","Genus","Sphingomonas",2,0.0027
"6","Genus","Dokdonella",2,0.0027
"6","Genus","Herminiimonas",1,0.0014
"6","Genus","Pelosinus",1,0.0014
"6","Genus","Pseudonocardia",1,0.0014
"6","Genus","Cohnella",1,0.0014
"6","Genus","Caloramator",1,0.0014
"6","Genus","Prosthecobacter",1,0.0014
"6","Genus","Desulfobulbus",1,0.0014
"6","Genus","Conexibacter",1,0.0014
"6","Genus","Mucilaginibacter",1,0.0014
"6","Genus","Corallococcus",1,0.0014
"6","Genus","Sporocytophaga",1,0.0014
"6","Genus","Rhizobium",1,0.0014
"6","Genus","Streptacidiphilus",1,0.0014
"6","Genus","Novosphingobium",1,0.0014
"6","Genus","Desulfosporosinus",1,0.0014
"6","Genus","Chthoniobacter",1,0.0014
"6","Genus","Acidopila",1,0.0014
"6","Genus","Alicyclobacillus",1,0.0014
"6","Genus","Myxococcus",1,0.0014
"6","Genus","Methylibium",1,0.0014
"6","Genus","Aminobacter",1,0.0014
"6","Genus","Streptosporangium",1,0.0014
"6","Genus","Burkholderia",1,0.0014
"6","Genus","Nitrospira",1,0.0014
"6","Genus","Salinibacterium",1,0.0014
"6","Genus","Edaphobacter",1,0.0014
"6","Genus","Acidicapsa",1,0.0014
"6","Genus","Reichenbachiella",1,0.0014
"6","Genus","Sporichthya",1,0.0014
"6","Genus","Fimbriimonas",1,0.0014
"6","Genus","Paludibacter",1,0.0014
"6","Genus","Acinetobacter",1,0.0014
"6","Genus","Haliangium",1,0.0014
"6","Genus","Janthinobacterium",1,0.0014
"6","Species","unassigned",726,0.9824
"6","Species","bowmanii",3,0.0041
"6","Species","celatum",1,0.0014
"6","Species","gracilis",1,0.0014
"6","Species","exiguus",1,0.0014
"6","Species","meridiei",1,0.0014
"6","Species","rosea",1,0.0014
"6","Species","pomorum",1,0.0014
"6","Species","butyricum",1,0.0014
"6","Species","bryophila",1,0.0014
"6","Species","borealis",1,0.0014
"6","Species","johnsonii",1,0.0014
