"variable",".y.","group1","group2","n1","n2","statistic","p","p.adj","p.adj.signif"
"Average path length","value","Af","Am",100,100,8810,1.3e-20,2.44e-20,"****"
"Average path length","value","Af","Aw",100,100,9526,2.02e-28,4.24e-28,"****"
"Average path length","value","Af","BSk",100,100,10000,2.56e-34,9.52e-34,"****"
"Average path length","value","Af","Cfa",100,100,5027,0.948,0.966,"ns"
"Average path length","value","Af","Cfb",100,100,4985,0.972,0.981,"ns"
"Average path length","value","Af","Csa",100,100,10000,2.56e-34,9.52e-34,"****"
"Average path length","value","Af","Csb",100,100,7087,3.43e-07,4.34e-07,"****"
"Average path length","value","Af","Dfa",100,100,8388,1.26e-16,2.07e-16,"****"
"Average path length","value","Af","Dfb",100,100,5989,0.016,0.017,"*"
"Average path length","value","Af","Dfc",100,100,7959,4.87e-13,7.1e-13,"****"
"Average path length","value","Af","Dwb",100,100,8742,6.13e-20,1.09e-19,"****"
"Average path length","value","Af","Dwc",100,100,8215,4.02e-15,6.3e-15,"****"
"Average path length","value","Af","EF",100,100,10000,2.56e-34,9.52e-34,"****"
"Average path length","value","Af","ET",100,100,9990,3.46e-34,1.04e-33,"****"
"Average path length","value","Am","Aw",100,100,7008,9.34e-07,1.17e-06,"****"
"Average path length","value","Am","BSk",100,100,10000,2.56e-34,9.52e-34,"****"
"Average path length","value","Am","Cfa",100,100,1157,6.07e-21,1.18e-20,"****"
"Average path length","value","Am","Cfb",100,100,1177,9.65e-21,1.84e-20,"****"
"Average path length","value","Am","Csa",100,100,10000,2.56e-34,9.52e-34,"****"
"Average path length","value","Am","Csb",100,100,2857,1.65e-07,2.14e-07,"****"
"Average path length","value","Am","Dfa",100,100,4429,0.163,0.175,"ns"
"Average path length","value","Am","Dfb",100,100,1804,5.82e-15,8.99e-15,"****"
"Average path length","value","Am","Dfc",100,100,4017,0.016,0.018,"*"
"Average path length","value","Am","Dwb",100,100,5122,0.767,0.797,"ns"
"Average path length","value","Am","Dwc",100,100,3968,0.012,0.013,"*"
"Average path length","value","Am","EF",100,100,9983,4.27e-34,1.18e-33,"****"
"Average path length","value","Am","ET",100,100,9584,4.11e-29,9.38e-29,"****"
"Average path length","value","Aw","BSk",100,100,10000,2.56e-34,9.52e-34,"****"
"Average path length","value","Aw","Cfa",100,100,429,5.88e-29,1.29e-28,"****"
"Average path length","value","Aw","Cfb",100,100,449,1.02e-28,2.19e-28,"****"
"Average path length","value","Aw","Csa",100,100,10000,2.56e-34,9.52e-34,"****"
"Average path length","value","Aw","Csb",100,100,1462,5.45e-18,9.38e-18,"****"
"Average path length","value","Aw","Dfa",100,100,2457,5.22e-10,7.21e-10,"****"
"Average path length","value","Aw","Dfb",100,100,740,2.29e-25,4.71e-25,"****"
"Average path length","value","Aw","Dfc",100,100,2245,1.69e-11,2.4e-11,"****"
"Average path length","value","Aw","Dwb",100,100,3191,9.92e-06,1.23e-05,"****"
"Average path length","value","Aw","Dwc",100,100,2115,1.82e-12,2.62e-12,"****"
"Average path length","value","Aw","EF",100,100,9947,1.25e-33,3.28e-33,"****"
"Average path length","value","Aw","ET",100,100,9049,4.51e-23,8.93e-23,"****"
"Average path length","value","BSk","Cfa",100,100,0,2.56e-34,9.52e-34,"****"
"Average path length","value","BSk","Cfb",100,100,0,2.56e-34,9.52e-34,"****"
"Average path length","value","BSk","Csa",100,100,805,1.2e-24,2.42e-24,"****"
"Average path length","value","BSk","Csb",100,100,0,2.56e-34,9.52e-34,"****"
"Average path length","value","BSk","Dfa",100,100,0,2.56e-34,9.52e-34,"****"
"Average path length","value","BSk","Dfb",100,100,0,2.56e-34,9.52e-34,"****"
"Average path length","value","BSk","Dfc",100,100,0,2.56e-34,9.52e-34,"****"
"Average path length","value","BSk","Dwb",100,100,0,2.56e-34,9.52e-34,"****"
"Average path length","value","BSk","Dwc",100,100,0,2.56e-34,9.52e-34,"****"
"Average path length","value","BSk","EF",100,100,13,3.78e-34,1.1e-33,"****"
"Average path length","value","BSk","ET",100,100,1,2.64e-34,9.52e-34,"****"
"Average path length","value","Cfa","Cfb",100,100,5007,0.987,0.987,"ns"
"Average path length","value","Cfa","Csa",100,100,10000,2.56e-34,9.52e-34,"****"
"Average path length","value","Cfa","Csb",100,100,7146,1.59e-07,2.09e-07,"****"
"Average path length","value","Cfa","Dfa",100,100,8475,2.07e-17,3.51e-17,"****"
"Average path length","value","Cfa","Dfb",100,100,6102,0.007,0.008,"**"
"Average path length","value","Cfa","Dfc",100,100,8032,1.29e-13,1.94e-13,"****"
"Average path length","value","Cfa","Dwb",100,100,8791,2.01e-20,3.7e-20,"****"
"Average path length","value","Cfa","Dwc",100,100,8285,1.01e-15,1.63e-15,"****"
"Average path length","value","Cfa","EF",100,100,10000,2.56e-34,9.52e-34,"****"
"Average path length","value","Cfa","ET",100,100,9993,3.16e-34,1.01e-33,"****"
"Average path length","value","Cfb","Csa",100,100,10000,2.56e-34,9.52e-34,"****"
"Average path length","value","Cfb","Csb",100,100,7092,3.22e-07,4.12e-07,"****"
"Average path length","value","Cfb","Dfa",100,100,8421,6.4e-17,1.07e-16,"****"
"Average path length","value","Cfb","Dfb",100,100,5988,0.016,0.017,"*"
"Average path length","value","Cfb","Dfc",100,100,7972,3.86e-13,5.71e-13,"****"
"Average path length","value","Cfb","Dwb",100,100,8772,3.11e-20,5.63e-20,"****"
"Average path length","value","Cfb","Dwc",100,100,8271,1.34e-15,2.13e-15,"****"
"Average path length","value","Cfb","EF",100,100,10000,2.56e-34,9.52e-34,"****"
"Average path length","value","Cfb","ET",100,100,9993,3.16e-34,1.01e-33,"****"
"Average path length","value","Csa","Csb",100,100,0,2.56e-34,9.52e-34,"****"
"Average path length","value","Csa","Dfa",100,100,0,2.56e-34,9.52e-34,"****"
"Average path length","value","Csa","Dfb",100,100,0,2.56e-34,9.52e-34,"****"
"Average path length","value","Csa","Dfc",100,100,0,2.56e-34,9.52e-34,"****"
"Average path length","value","Csa","Dwb",100,100,0,2.56e-34,9.52e-34,"****"
"Average path length","value","Csa","Dwc",100,100,0,2.56e-34,9.52e-34,"****"
"Average path length","value","Csa","EF",100,100,334,4.2e-30,9.8e-30,"****"
"Average path length","value","Csa","ET",100,100,52,1.21e-33,3.26e-33,"****"
"Average path length","value","Csb","Dfa",100,100,6599,9.39e-05,0.000115,"***"
"Average path length","value","Csb","Dfb",100,100,3854,0.005,0.006,"**"
"Average path length","value","Csb","Dfc",100,100,6103,0.007,0.008,"**"
"Average path length","value","Csb","Dwb",100,100,7160,1.32e-07,1.75e-07,"****"
"Average path length","value","Csb","Dwc",100,100,6278,0.002,0.002,"**"
"Average path length","value","Csb","EF",100,100,9998,2.72e-34,9.52e-34,"****"
"Average path length","value","Csb","ET",100,100,9871,1.18e-32,3.02e-32,"****"
"Average path length","value","Dfa","Dfb",100,100,2306,4.66e-11,6.52e-11,"****"
"Average path length","value","Dfa","Dfc",100,100,4537,0.258,0.274,"ns"
"Average path length","value","Dfa","Dwb",100,100,5724,0.077,0.083,"ns"
"Average path length","value","Dfa","Dwc",100,100,4598,0.327,0.343,"ns"
"Average path length","value","Dfa","EF",100,100,9998,2.72e-34,9.52e-34,"****"
"Average path length","value","Dfa","ET",100,100,9782,1.56e-31,3.72e-31,"****"
"Average path length","value","Dfb","Dfc",100,100,7199,7.8e-08,1.05e-07,"****"
"Average path length","value","Dfb","Dwb",100,100,8176,8.56e-15,1.3e-14,"****"
"Average path length","value","Dfb","Dwc",100,100,7483,1.31e-09,1.79e-09,"****"
"Average path length","value","Dfb","EF",100,100,10000,2.56e-34,9.52e-34,"****"
"Average path length","value","Dfb","ET",100,100,9984,4.14e-34,1.17e-33,"****"
"Average path length","value","Dfc","Dwb",100,100,6092,0.008,0.009,"**"
"Average path length","value","Dfc","Dwc",100,100,5103,0.802,0.826,"ns"
"Average path length","value","Dfc","EF",100,100,10000,2.56e-34,9.52e-34,"****"
"Average path length","value","Dfc","ET",100,100,9805,8.02e-32,1.96e-31,"****"
"Average path length","value","Dwb","Dwc",100,100,3860,0.005,0.006,"**"
"Average path length","value","Dwb","EF",100,100,9992,3.26e-34,1.01e-33,"****"
"Average path length","value","Dwb","ET",100,100,9571,5.88e-29,1.29e-28,"****"
"Average path length","value","Dwc","EF",100,100,9995,2.98e-34,1.01e-33,"****"
"Average path length","value","Dwc","ET",100,100,9808,7.35e-32,1.84e-31,"****"
"Average path length","value","EF","ET",100,100,1429,2.68e-18,4.69e-18,"****"
"Density","value","Af","Am",100,100,448,9.86e-29,1.7e-28,"****"
"Density","value","Af","Aw",100,100,17.5,4.31e-34,9.05e-34,"****"
"Density","value","Af","BSk",100,100,0,2.54e-34,6.19e-34,"****"
"Density","value","Af","Cfa",100,100,5706.5,0.084,0.088,"ns"
"Density","value","Af","Cfb",100,100,5578.5,0.158,0.163,"ns"
"Density","value","Af","Csa",100,100,0,2.55e-34,6.19e-34,"****"
"Density","value","Af","Csb",100,100,3124.5,4.61e-06,5.26e-06,"****"
"Density","value","Af","Dfa",100,100,1442.5,3.57e-18,4.87e-18,"****"
"Density","value","Af","Dfb",100,100,4120,0.032,0.034,"*"
"Density","value","Af","Dfc",100,100,1812.5,6.83e-15,8.96e-15,"****"
"Density","value","Af","Dwb",100,100,525.5,8.09e-28,1.35e-27,"****"
"Density","value","Af","Dwc",100,100,1107.5,1.9e-21,2.81e-21,"****"
"Density","value","Af","EF",100,100,0,2.55e-34,6.19e-34,"****"
"Density","value","Af","ET",100,100,0,2.55e-34,6.19e-34,"****"
"Density","value","Am","Aw",100,100,1642.5,2.35e-16,3.12e-16,"****"
"Density","value","Am","BSk",100,100,0,2.55e-34,6.19e-34,"****"
"Density","value","Am","Cfa",100,100,9681,2.74e-30,5.14e-30,"****"
"Density","value","Am","Cfb",100,100,9663.5,4.48e-30,8.25e-30,"****"
"Density","value","Am","Csa",100,100,0,2.55e-34,6.19e-34,"****"
"Density","value","Am","Csb",100,100,8883,2.38e-21,3.47e-21,"****"
"Density","value","Am","Dfa",100,100,7488.5,1.21e-09,1.49e-09,"****"
"Density","value","Am","Dfb",100,100,9278.5,1.42e-25,2.29e-25,"****"
"Density","value","Am","Dfc",100,100,7743.5,2.05e-11,2.59e-11,"****"
"Density","value","Am","Dwb",100,100,5474,0.247,0.252,"ns"
"Density","value","Am","Dwc",100,100,6924.5,2.58e-06,2.98e-06,"****"
"Density","value","Am","EF",100,100,0,2.55e-34,6.19e-34,"****"
"Density","value","Am","ET",100,100,18.5,4.44e-34,9.14e-34,"****"
"Density","value","Aw","BSk",100,100,0,2.55e-34,6.19e-34,"****"
"Density","value","Aw","Cfa",100,100,9994,3.05e-34,6.81e-34,"****"
"Density","value","Aw","Cfb",100,100,9974,5.55e-34,1.12e-33,"****"
"Density","value","Aw","Csa",100,100,0,2.55e-34,6.19e-34,"****"
"Density","value","Aw","Csb",100,100,9884,7.99e-33,1.55e-32,"****"
"Density","value","Aw","Dfa",100,100,9528,1.9e-28,3.22e-28,"****"
"Density","value","Aw","Dfb",100,100,9937,1.67e-33,3.31e-33,"****"
"Density","value","Aw","Dfc",100,100,9594,3.1e-29,5.43e-29,"****"
"Density","value","Aw","Dwb",100,100,8666.5,3.31e-19,4.7e-19,"****"
"Density","value","Aw","Dwc",100,100,9418,3.66e-27,6e-27,"****"
"Density","value","Aw","EF",100,100,0,2.55e-34,6.19e-34,"****"
"Density","value","Aw","ET",100,100,201.5,9.63e-32,1.84e-31,"****"
"Density","value","BSk","Cfa",100,100,10000,2.54e-34,6.19e-34,"****"
"Density","value","BSk","Cfb",100,100,10000,2.54e-34,6.19e-34,"****"
"Density","value","BSk","Csa",100,100,10000,2.54e-34,6.19e-34,"****"
"Density","value","BSk","Csb",100,100,10000,2.54e-34,6.19e-34,"****"
"Density","value","BSk","Dfa",100,100,10000,2.54e-34,6.19e-34,"****"
"Density","value","BSk","Dfb",100,100,10000,2.54e-34,6.19e-34,"****"
"Density","value","BSk","Dfc",100,100,10000,2.55e-34,6.19e-34,"****"
"Density","value","BSk","Dwb",100,100,10000,2.55e-34,6.19e-34,"****"
"Density","value","BSk","Dwc",100,100,10000,2.54e-34,6.19e-34,"****"
"Density","value","BSk","EF",100,100,10000,2.54e-34,6.19e-34,"****"
"Density","value","BSk","ET",100,100,10000,2.55e-34,6.19e-34,"****"
"Density","value","Cfa","Cfb",100,100,4626.5,0.362,0.362,"ns"
"Density","value","Cfa","Csa",100,100,0,2.55e-34,6.19e-34,"****"
"Density","value","Cfa","Csb",100,100,2543,1.94e-09,2.34e-09,"****"
"Density","value","Cfa","Dfa",100,100,1085.5,1.13e-21,1.7e-21,"****"
"Density","value","Cfa","Dfb",100,100,3267.5,2.31e-05,2.61e-05,"****"
"Density","value","Cfa","Dfc",100,100,1388.5,1.11e-18,1.53e-18,"****"
"Density","value","Cfa","Dwb",100,100,406,3.1e-29,5.43e-29,"****"
"Density","value","Cfa","Dwc",100,100,830,2.23e-24,3.49e-24,"****"
"Density","value","Cfa","EF",100,100,0,2.55e-34,6.19e-34,"****"
"Density","value","Cfa","ET",100,100,0,2.55e-34,6.19e-34,"****"
"Density","value","Cfb","Csa",100,100,0,2.55e-34,6.19e-34,"****"
"Density","value","Cfb","Csb",100,100,2528.5,1.56e-09,1.9e-09,"****"
"Density","value","Cfb","Dfa",100,100,934,2.95e-23,4.49e-23,"****"
"Density","value","Cfb","Dfb",100,100,3359,6.1e-05,6.74e-05,"****"
"Density","value","Cfb","Dfc",100,100,1339,3.74e-19,5.24e-19,"****"
"Density","value","Cfb","Dwb",100,100,374,1.28e-29,2.32e-29,"****"
"Density","value","Cfb","Dwc",100,100,862,4.98e-24,7.69e-24,"****"
"Density","value","Cfb","EF",100,100,0,2.55e-34,6.19e-34,"****"
"Density","value","Cfb","ET",100,100,0,2.55e-34,6.19e-34,"****"
"Density","value","Csa","Csb",100,100,10000,2.55e-34,6.19e-34,"****"
"Density","value","Csa","Dfa",100,100,10000,2.55e-34,6.19e-34,"****"
"Density","value","Csa","Dfb",100,100,10000,2.55e-34,6.19e-34,"****"
"Density","value","Csa","Dfc",100,100,10000,2.55e-34,6.19e-34,"****"
"Density","value","Csa","Dwb",100,100,10000,2.55e-34,6.19e-34,"****"
"Density","value","Csa","Dwc",100,100,10000,2.54e-34,6.19e-34,"****"
"Density","value","Csa","EF",100,100,9999,2.63e-34,6.19e-34,"****"
"Density","value","Csa","ET",100,100,10000,2.55e-34,6.19e-34,"****"
"Density","value","Csb","Dfa",100,100,2882.5,2.3e-07,2.68e-07,"****"
"Density","value","Csb","Dfb",100,100,6149,0.005,0.005,"**"
"Density","value","Csb","Dfc",100,100,3307,3.54e-05,3.95e-05,"****"
"Density","value","Csb","Dwb",100,100,1326.5,2.83e-19,4.07e-19,"****"
"Density","value","Csb","Dwc",100,100,2205.5,8.65e-12,1.11e-11,"****"
"Density","value","Csb","EF",100,100,0,2.55e-34,6.19e-34,"****"
"Density","value","Csb","ET",100,100,0,2.55e-34,6.19e-34,"****"
"Density","value","Dfa","Dfb",100,100,8102.5,3.46e-14,4.49e-14,"****"
"Density","value","Dfa","Dfc",100,100,5407,0.321,0.324,"ns"
"Density","value","Dfa","Dwb",100,100,2882.5,2.3e-07,2.68e-07,"****"
"Density","value","Dfa","Dwc",100,100,4166.5,0.042,0.044,"*"
"Density","value","Dfa","EF",100,100,0,2.55e-34,6.19e-34,"****"
"Density","value","Dfa","ET",100,100,0,2.55e-34,6.19e-34,"****"
"Density","value","Dfb","Dfc",100,100,2385,1.67e-10,2.09e-10,"****"
"Density","value","Dfb","Dwb",100,100,813,1.46e-24,2.32e-24,"****"
"Density","value","Dfb","Dwc",100,100,1580.5,6.56e-17,8.83e-17,"****"
"Density","value","Dfb","EF",100,100,0,2.55e-34,6.19e-34,"****"
"Density","value","Dfb","ET",100,100,0,2.55e-34,6.19e-34,"****"
"Density","value","Dfc","Dwb",100,100,2581.5,3.45e-09,4.12e-09,"****"
"Density","value","Dfc","Dwc",100,100,3851.5,0.005,0.005,"**"
"Density","value","Dfc","EF",100,100,0,2.55e-34,6.19e-34,"****"
"Density","value","Dfc","ET",100,100,2,2.71e-34,6.19e-34,"****"
"Density","value","Dwb","Dwc",100,100,6447,0.000408,0.000446,"***"
"Density","value","Dwb","EF",100,100,0,2.55e-34,6.19e-34,"****"
"Density","value","Dwb","ET",100,100,8,3.25e-34,7.11e-34,"****"
"Density","value","Dwc","EF",100,100,0,2.54e-34,6.19e-34,"****"
"Density","value","Dwc","ET",100,100,2,2.7e-34,6.19e-34,"****"
"Density","value","EF","ET",100,100,9991,3.34e-34,7.16e-34,"****"
"Modularity","value","Af","Am",100,100,9313,5.83e-26,1e-25,"****"
"Modularity","value","Af","Aw",100,100,9860,1.62e-32,3.54e-32,"****"
"Modularity","value","Af","BSk",100,100,10000,2.56e-34,7.68e-34,"****"
"Modularity","value","Af","Cfa",100,100,4618,0.351,0.369,"ns"
"Modularity","value","Af","Cfb",100,100,4382,0.131,0.14,"ns"
"Modularity","value","Af","Csa",100,100,10000,2.56e-34,7.68e-34,"****"
"Modularity","value","Af","Csb",100,100,6624,7.28e-05,8.13e-05,"****"
"Modularity","value","Af","Dfa",100,100,9148,3.91e-24,6.41e-24,"****"
"Modularity","value","Af","Dfb",100,100,6584,0.000109,0.00012,"***"
"Modularity","value","Af","Dfc",100,100,7672,6.69e-11,8.67e-11,"****"
"Modularity","value","Af","Dwb",100,100,9287,1.14e-25,1.93e-25,"****"
"Modularity","value","Af","Dwc",100,100,8293,8.63e-16,1.22e-15,"****"
"Modularity","value","Af","EF",100,100,10000,2.56e-34,7.68e-34,"****"
"Modularity","value","Af","ET",100,100,9998,2.72e-34,7.72e-34,"****"
"Modularity","value","Am","Aw",100,100,8070,6.38e-14,8.59e-14,"****"
"Modularity","value","Am","BSk",100,100,10000,2.56e-34,7.68e-34,"****"
"Modularity","value","Am","Cfa",100,100,525,8.02e-28,1.48e-27,"****"
"Modularity","value","Am","Cfb",100,100,501,4.19e-28,8e-28,"****"
"Modularity","value","Am","Csa",100,100,10000,2.56e-34,7.68e-34,"****"
"Modularity","value","Am","Csb",100,100,1506,1.39e-17,2.06e-17,"****"
"Modularity","value","Am","Dfa",100,100,4652,0.396,0.412,"ns"
"Modularity","value","Am","Dfb",100,100,1212,2.16e-20,3.44e-20,"****"
"Modularity","value","Am","Dfc",100,100,2601,4.62e-09,5.92e-09,"****"
"Modularity","value","Am","Dwb",100,100,4822,0.665,0.671,"ns"
"Modularity","value","Am","Dwc",100,100,2902,2.98e-07,3.72e-07,"****"
"Modularity","value","Am","EF",100,100,10000,2.56e-34,7.68e-34,"****"
"Modularity","value","Am","ET",100,100,9740,5.18e-31,1.09e-30,"****"
"Modularity","value","Aw","BSk",100,100,10000,2.56e-34,7.68e-34,"****"
"Modularity","value","Aw","Cfa",100,100,88,3.52e-33,8.21e-33,"****"
"Modularity","value","Aw","Cfb",100,100,106,5.99e-33,1.37e-32,"****"
"Modularity","value","Aw","Csa",100,100,10000,2.56e-34,7.68e-34,"****"
"Modularity","value","Aw","Csb",100,100,434,6.75e-29,1.31e-28,"****"
"Modularity","value","Aw","Dfa",100,100,1834,1.04e-14,1.44e-14,"****"
"Modularity","value","Aw","Dfb",100,100,276,8.16e-31,1.68e-30,"****"
"Modularity","value","Aw","Dfc",100,100,827,2.09e-24,3.48e-24,"****"
"Modularity","value","Aw","Dwb",100,100,1895,3.31e-14,4.51e-14,"****"
"Modularity","value","Aw","Dwc",100,100,1011,1.93e-22,3.12e-22,"****"
"Modularity","value","Aw","EF",100,100,9996,2.89e-34,7.78e-34,"****"
"Modularity","value","Aw","ET",100,100,8644,5.46e-19,8.43e-19,"****"
"Modularity","value","BSk","Cfa",100,100,0,2.56e-34,7.68e-34,"****"
"Modularity","value","BSk","Cfb",100,100,0,2.56e-34,7.68e-34,"****"
"Modularity","value","BSk","Csa",100,100,37,7.76e-34,1.89e-33,"****"
"Modularity","value","BSk","Csb",100,100,0,2.56e-34,7.68e-34,"****"
"Modularity","value","BSk","Dfa",100,100,0,2.56e-34,7.68e-34,"****"
"Modularity","value","BSk","Dfb",100,100,0,2.56e-34,7.68e-34,"****"
"Modularity","value","BSk","Dfc",100,100,0,2.56e-34,7.68e-34,"****"
"Modularity","value","BSk","Dwb",100,100,0,2.56e-34,7.68e-34,"****"
"Modularity","value","BSk","Dwc",100,100,0,2.56e-34,7.68e-34,"****"
"Modularity","value","BSk","EF",100,100,0,2.56e-34,7.68e-34,"****"
"Modularity","value","BSk","ET",100,100,0,2.56e-34,7.68e-34,"****"
"Modularity","value","Cfa","Cfb",100,100,4764,0.565,0.576,"ns"
"Modularity","value","Cfa","Csa",100,100,10000,2.56e-34,7.68e-34,"****"
"Modularity","value","Cfa","Csb",100,100,6941,2.12e-06,2.45e-06,"****"
"Modularity","value","Cfa","Dfa",100,100,9336,3.2e-26,5.6e-26,"****"
"Modularity","value","Cfa","Dfb",100,100,6937,2.23e-06,2.55e-06,"****"
"Modularity","value","Cfa","Dfc",100,100,7926,8.8e-13,1.16e-12,"****"
"Modularity","value","Cfa","Dwb",100,100,9454,1.41e-27,2.55e-27,"****"
"Modularity","value","Cfa","Dwc",100,100,8590,1.78e-18,2.67e-18,"****"
"Modularity","value","Cfa","EF",100,100,10000,2.56e-34,7.68e-34,"****"
"Modularity","value","Cfa","ET",100,100,9999,2.64e-34,7.7e-34,"****"
"Modularity","value","Cfb","Csa",100,100,10000,2.56e-34,7.68e-34,"****"
"Modularity","value","Cfb","Csb",100,100,7096,3.05e-07,3.77e-07,"****"
"Modularity","value","Cfb","Dfa",100,100,9352,2.11e-26,3.76e-26,"****"
"Modularity","value","Cfb","Dfb",100,100,7086,3.47e-07,4.24e-07,"****"
"Modularity","value","Cfb","Dfc",100,100,8054,8.59e-14,1.14e-13,"****"
"Modularity","value","Cfb","Dwb",100,100,9478,7.4e-28,1.39e-27,"****"
"Modularity","value","Cfb","Dwc",100,100,8619,9.45e-19,1.44e-18,"****"
"Modularity","value","Cfb","EF",100,100,10000,2.56e-34,7.68e-34,"****"
"Modularity","value","Cfb","ET",100,100,9997,2.8e-34,7.74e-34,"****"
"Modularity","value","Csa","Csb",100,100,0,2.56e-34,7.68e-34,"****"
"Modularity","value","Csa","Dfa",100,100,0,2.56e-34,7.68e-34,"****"
"Modularity","value","Csa","Dfb",100,100,0,2.56e-34,7.68e-34,"****"
"Modularity","value","Csa","Dfc",100,100,0,2.56e-34,7.68e-34,"****"
"Modularity","value","Csa","Dwb",100,100,0,2.56e-34,7.68e-34,"****"
"Modularity","value","Csa","Dwc",100,100,0,2.56e-34,7.68e-34,"****"
"Modularity","value","Csa","EF",100,100,5,2.98e-34,7.82e-34,"****"
"Modularity","value","Csa","ET",100,100,0,2.56e-34,7.68e-34,"****"
"Modularity","value","Csb","Dfa",100,100,8235,2.72e-15,3.81e-15,"****"
"Modularity","value","Csb","Dfb",100,100,5027,0.948,0.948,"ns"
"Modularity","value","Csb","Dfc",100,100,6337,0.001,0.001,"**"
"Modularity","value","Csb","Dwb",100,100,8453,3.29e-17,4.8e-17,"****"
"Modularity","value","Csb","Dwc",100,100,7038,6.41e-07,7.56e-07,"****"
"Modularity","value","Csb","EF",100,100,10000,2.56e-34,7.68e-34,"****"
"Modularity","value","Csb","ET",100,100,9965,7.31e-34,1.83e-33,"****"
"Modularity","value","Dfa","Dfb",100,100,1577,6.14e-17,8.83e-17,"****"
"Modularity","value","Dfa","Dfc",100,100,2937,4.67e-07,5.57e-07,"****"
"Modularity","value","Dfa","Dwb",100,100,5236,0.565,0.576,"ns"
"Modularity","value","Dfa","Dwc",100,100,3284,2.77e-05,3.13e-05,"****"
"Modularity","value","Dfa","EF",100,100,10000,2.56e-34,7.68e-34,"****"
"Modularity","value","Dfa","ET",100,100,9768,2.33e-31,4.99e-31,"****"
"Modularity","value","Dfb","Dfc",100,100,6454,0.000383,0.000419,"***"
"Modularity","value","Dfb","Dwb",100,100,8757,4.37e-20,6.85e-20,"****"
"Modularity","value","Dfb","Dwc",100,100,7078,3.85e-07,4.65e-07,"****"
"Modularity","value","Dfb","EF",100,100,10000,2.56e-34,7.68e-34,"****"
"Modularity","value","Dfb","ET",100,100,9993,3.16e-34,8.09e-34,"****"
"Modularity","value","Dfc","Dwb",100,100,7306,1.77e-08,2.24e-08,"****"
"Modularity","value","Dfc","Dwc",100,100,5540,0.187,0.198,"ns"
"Modularity","value","Dfc","EF",100,100,10000,2.56e-34,7.68e-34,"****"
"Modularity","value","Dfc","ET",100,100,9930,2.07e-33,4.94e-33,"****"
"Modularity","value","Dwb","Dwc",100,100,2979,7.94e-07,9.26e-07,"****"
"Modularity","value","Dwb","EF",100,100,10000,2.56e-34,7.68e-34,"****"
"Modularity","value","Dwb","ET",100,100,9722,8.64e-31,1.74e-30,"****"
"Modularity","value","Dwc","EF",100,100,10000,2.56e-34,7.68e-34,"****"
"Modularity","value","Dwc","ET",100,100,9864,1.44e-32,3.22e-32,"****"
"Modularity","value","EF","ET",100,100,391,2.06e-29,4.08e-29,"****"
"Transitivity","value","Af","Am",100,100,3977,0.013,0.02,"*"
"Transitivity","value","Af","Aw",100,100,5007,0.987,0.987,"ns"
"Transitivity","value","Af","BSk",100,100,0,2.56e-34,2.44e-33,"****"
"Transitivity","value","Af","Cfa",100,100,6129,0.006,0.01,"**"
"Transitivity","value","Af","Cfb",100,100,5701,0.087,0.114,"ns"
"Transitivity","value","Af","Csa",100,100,32,6.68e-34,4.68e-33,"****"
"Transitivity","value","Af","Csb",100,100,5081,0.844,0.869,"ns"
"Transitivity","value","Af","Dfa",100,100,6752,1.87e-05,3.85e-05,"****"
"Transitivity","value","Af","Dfb",100,100,5814,0.047,0.068,"ns"
"Transitivity","value","Af","Dfc",100,100,5761,0.063,0.09,"ns"
"Transitivity","value","Af","Dwb",100,100,5166,0.686,0.737,"ns"
"Transitivity","value","Af","Dwc",100,100,5307,0.454,0.507,"ns"
"Transitivity","value","Af","EF",100,100,264,5.8e-31,2.34e-30,"****"
"Transitivity","value","Af","ET",100,100,2380,1.55e-10,3.46e-10,"****"
"Transitivity","value","Am","Aw",100,100,5950,0.02,0.03,"*"
"Transitivity","value","Am","BSk",100,100,12,3.67e-34,3.21e-33,"****"
"Transitivity","value","Am","Cfa",100,100,6969,1.51e-06,3.17e-06,"****"
"Transitivity","value","Am","Cfb",100,100,6597,9.58e-05,0.000176,"***"
"Transitivity","value","Am","Csa",100,100,492,3.29e-28,9.87e-28,"****"
"Transitivity","value","Am","Csb",100,100,6100,0.007,0.012,"*"
"Transitivity","value","Am","Dfa",100,100,7520,7.45e-10,1.63e-09,"****"
"Transitivity","value","Am","Dfb",100,100,6697,3.4e-05,6.87e-05,"****"
"Transitivity","value","Am","Dfc",100,100,6625,7.21e-05,0.000135,"***"
"Transitivity","value","Am","Dwb",100,100,6148,0.005,0.009,"**"
"Transitivity","value","Am","Dwc",100,100,6285,0.002,0.003,"**"
"Transitivity","value","Am","EF",100,100,818,1.66e-24,4.71e-24,"****"
"Transitivity","value","Am","ET",100,100,3484,0.000213,0.000386,"***"
"Transitivity","value","Aw","BSk",100,100,0,2.56e-34,2.44e-33,"****"
"Transitivity","value","Aw","Cfa",100,100,6055,0.01,0.016,"*"
"Transitivity","value","Aw","Cfb",100,100,5720,0.079,0.106,"ns"
"Transitivity","value","Aw","Csa",100,100,89,3.63e-33,2.01e-32,"****"
"Transitivity","value","Aw","Csb",100,100,5085,0.836,0.869,"ns"
"Transitivity","value","Aw","Dfa",100,100,6655,5.29e-05,0.000105,"***"
"Transitivity","value","Aw","Dfb",100,100,5805,0.049,0.071,"ns"
"Transitivity","value","Aw","Dfc",100,100,5701,0.087,0.114,"ns"
"Transitivity","value","Aw","Dwb",100,100,5165,0.688,0.737,"ns"
"Transitivity","value","Aw","Dwc",100,100,5354,0.388,0.447,"ns"
"Transitivity","value","Aw","EF",100,100,339,4.83e-30,1.54e-29,"****"
"Transitivity","value","Aw","ET",100,100,2484,7.93e-10,1.7e-09,"****"
"Transitivity","value","BSk","Cfa",100,100,10000,2.56e-34,2.44e-33,"****"
"Transitivity","value","BSk","Cfb",100,100,10000,2.56e-34,2.44e-33,"****"
"Transitivity","value","BSk","Csa",100,100,9982,4.4e-34,3.55e-33,"****"
"Transitivity","value","BSk","Csb",100,100,10000,2.56e-34,2.44e-33,"****"
"Transitivity","value","BSk","Dfa",100,100,10000,2.56e-34,2.44e-33,"****"
"Transitivity","value","BSk","Dfb",100,100,10000,2.56e-34,2.44e-33,"****"
"Transitivity","value","BSk","Dfc",100,100,10000,2.56e-34,2.44e-33,"****"
"Transitivity","value","BSk","Dwb",100,100,10000,2.56e-34,2.44e-33,"****"
"Transitivity","value","BSk","Dwc",100,100,10000,2.56e-34,2.44e-33,"****"
"Transitivity","value","BSk","EF",100,100,9675,3.26e-30,1.14e-29,"****"
"Transitivity","value","BSk","ET",100,100,10000,2.56e-34,2.44e-33,"****"
"Transitivity","value","Cfa","Cfb",100,100,4582,0.308,0.368,"ns"
"Transitivity","value","Cfa","Csa",100,100,181,5.35e-32,2.34e-31,"****"
"Transitivity","value","Cfa","Csb",100,100,3985,0.013,0.021,"*"
"Transitivity","value","Cfa","Dfa",100,100,5552,0.178,0.22,"ns"
"Transitivity","value","Cfa","Dfb",100,100,4665,0.414,0.467,"ns"
"Transitivity","value","Cfa","Dfc",100,100,4621,0.355,0.419,"ns"
"Transitivity","value","Cfa","Dwb",100,100,4027,0.018,0.027,"*"
"Transitivity","value","Cfa","Dwc",100,100,4249,0.067,0.093,"ns"
"Transitivity","value","Cfa","EF",100,100,339,4.83e-30,1.54e-29,"****"
"Transitivity","value","Cfa","ET",100,100,1852,1.46e-14,3.83e-14,"****"
"Transitivity","value","Cfb","Csa",100,100,140,1.62e-32,8.1e-32,"****"
"Transitivity","value","Cfb","Csb",100,100,4410.5,0.15,0.188,"ns"
"Transitivity","value","Cfb","Dfa",100,100,6013,0.013,0.021,"*"
"Transitivity","value","Cfb","Dfb",100,100,5085,0.836,0.869,"ns"
"Transitivity","value","Cfb","Dfc",100,100,5026,0.95,0.959,"ns"
"Transitivity","value","Cfb","Dwb",100,100,4396,0.14,0.177,"ns"
"Transitivity","value","Cfb","Dwc",100,100,4649,0.392,0.447,"ns"
"Transitivity","value","Cfb","EF",100,100,338,4.7e-30,1.54e-29,"****"
"Transitivity","value","Cfb","ET",100,100,2056,6.38e-13,1.56e-12,"****"
"Transitivity","value","Csa","Csb",100,100,9919,2.86e-33,1.77e-32,"****"
"Transitivity","value","Csa","Dfa",100,100,9957,9.27e-34,6.08e-33,"****"
"Transitivity","value","Csa","Dfb",100,100,9892,6.35e-33,3.33e-32,"****"
"Transitivity","value","Csa","Dfc",100,100,9917,3.04e-33,1.77e-32,"****"
"Transitivity","value","Csa","Dwb",100,100,9976,5.26e-34,3.94e-33,"****"
"Transitivity","value","Csa","Dwc",100,100,9843,2.66e-32,1.21e-31,"****"
"Transitivity","value","Csa","EF",100,100,5471,0.25,0.305,"ns"
"Transitivity","value","Csa","ET",100,100,9447,1.7e-27,4.96e-27,"****"
"Transitivity","value","Csb","Dfa",100,100,6628,6.99e-05,0.000133,"***"
"Transitivity","value","Csb","Dfb",100,100,5728,0.076,0.103,"ns"
"Transitivity","value","Csb","Dfc",100,100,5623,0.128,0.166,"ns"
"Transitivity","value","Csb","Dwb",100,100,5065,0.875,0.892,"ns"
"Transitivity","value","Csb","Dwc",100,100,5232,0.572,0.632,"ns"
"Transitivity","value","Csb","EF",100,100,319,2.75e-30,9.96e-30,"****"
"Transitivity","value","Csb","ET",100,100,2368,1.28e-10,2.92e-10,"****"
"Transitivity","value","Dfa","Dfb",100,100,4074,0.024,0.035,"*"
"Transitivity","value","Dfa","Dfc",100,100,4032,0.018,0.028,"*"
"Transitivity","value","Dfa","Dwb",100,100,3368.5,6.74e-05,0.000131,"***"
"Transitivity","value","Dfa","Dwc",100,100,3656.5,0.001,0.002,"**"
"Transitivity","value","Dfa","EF",100,100,142,1.72e-32,8.21e-32,"****"
"Transitivity","value","Dfa","ET",100,100,1330,3.07e-19,8.27e-19,"****"
"Transitivity","value","Dfb","Dfc",100,100,4911,0.829,0.869,"ns"
"Transitivity","value","Dfb","Dwb",100,100,4265,0.073,0.1,"ns"
"Transitivity","value","Dfb","Dwc",100,100,4565,0.288,0.348,"ns"
"Transitivity","value","Dfb","EF",100,100,291,1.25e-30,4.69e-30,"****"
"Transitivity","value","Dfb","ET",100,100,1970,1.34e-13,3.43e-13,"****"
"Transitivity","value","Dfc","Dwb",100,100,4390,0.136,0.174,"ns"
"Transitivity","value","Dfc","Dwc",100,100,4644,0.385,0.447,"ns"
"Transitivity","value","Dfc","EF",100,100,271,7.08e-31,2.75e-30,"****"
"Transitivity","value","Dfc","ET",100,100,2013,2.94e-13,7.35e-13,"****"
"Transitivity","value","Dwb","Dwc",100,100,5202,0.622,0.68,"ns"
"Transitivity","value","Dwb","EF",100,100,222,1.75e-31,7.35e-31,"****"
"Transitivity","value","Dwb","ET",100,100,2211,9.53e-12,2.27e-11,"****"
"Transitivity","value","Dwc","EF",100,100,371,1.18e-29,3.64e-29,"****"
"Transitivity","value","Dwc","ET",100,100,2299,4.16e-11,9.71e-11,"****"
"Transitivity","value","EF","ET",100,100,8883,2.39e-21,6.6e-21,"****"
