".y.","group1","group2","n1","n2","statistic","p","p.adj","p.adj.signif"
"degree","Af","Am",643,556,172835,0.322,1,"ns"
"degree","Af","Aw",643,609,214662,0.003,0.089,"ns"
"degree","Af","BSh",643,425,199694,2.12e-37,2.73e-35,"****"
"degree","Af","BSk",643,537,174024.5,0.813,1,"ns"
"degree","Af","BWh",643,152,76901,3.43e-28,3.84e-26,"****"
"degree","Af","BWk",643,161,89715,5e-47,7.45e-45,"****"
"degree","Af","Cfa",643,653,256702.5,3.87e-12,2.59e-10,"****"
"degree","Af","Cfb",643,653,218455.5,0.206,1,"ns"
"degree","Af","Csa",643,199,114854,1.39e-64,2.36e-62,"****"
"degree","Af","Csb",643,645,265267.5,4.14e-18,3.44e-16,"****"
"degree","Af","Cwb",643,434,214098,3.65e-50,5.58e-48,"****"
"degree","Af","Dfa",643,652,297304.5,8.09e-39,1.08e-36,"****"
"degree","Af","Dfb",643,650,290611,5.04e-34,6.05e-32,"****"
"degree","Af","Dfc",643,636,227219.5,0.000573,0.019,"*"
"degree","Af","Dwb",643,608,300087.5,2.62e-60,4.3e-58,"****"
"degree","Af","Dwc",643,640,273058,3.6e-24,3.6e-22,"****"
"degree","Af","EF",643,348,84027.5,9.39e-11,5.82e-09,"****"
"degree","Af","ET",643,536,167067.5,0.367,1,"ns"
"degree","Am","Aw",556,609,191228,0.000132,0.005,"**"
"degree","Am","BSh",556,425,176079.5,1.25e-39,1.71e-37,"****"
"degree","Am","BSk",556,537,155576.5,0.228,1,"ns"
"degree","Am","BWh",556,152,67206.5,6e-29,6.78e-27,"****"
"degree","Am","BWk",556,161,77865,2.03e-46,3e-44,"****"
"degree","Am","Cfa",556,653,226262.5,1.44e-13,1.07e-11,"****"
"degree","Am","Cfb",556,653,194329.5,0.034,0.656,"ns"
"degree","Am","Csa",556,199,99638,3.12e-63,5.27e-61,"****"
"degree","Am","Csb",556,645,235825.5,4.12e-21,3.75e-19,"****"
"degree","Am","Cwb",556,434,187741,4.75e-51,7.36e-49,"****"
"degree","Am","Dfa",556,652,260335,4e-39,5.36e-37,"****"
"degree","Am","Dfb",556,650,257091,8.63e-37,1.1e-34,"****"
"degree","Am","Dfc",556,636,202192.5,1.86e-05,0.000781,"***"
"degree","Am","Dwb",556,608,263728.5,2.18e-61,3.6e-59,"****"
"degree","Am","Dwc",556,640,240551.5,7.55e-26,7.85e-24,"****"
"degree","Am","EF",556,348,75350.5,2.14e-08,1.16e-06,"****"
"degree","Am","ET",556,536,149086,0.988,1,"ns"
"degree","Aw","BSh",609,425,177250.5,4.28e-24,4.24e-22,"****"
"degree","Aw","BSk",609,537,148751,0.008,0.199,"ns"
"degree","Aw","BWh",609,152,69929.5,1.79e-22,1.72e-20,"****"
"degree","Aw","BWk",609,161,82476,1.59e-40,2.19e-38,"****"
"degree","Aw","Cfa",609,653,226629.5,1.74e-05,0.000748,"***"
"degree","Aw","Cfb",609,653,188832.5,0.122,1,"ns"
"degree","Aw","Csa",609,199,106376,9.78e-58,1.57e-55,"****"
"degree","Aw","Csb",609,645,231437.5,4.6e-08,2.44e-06,"****"
"degree","Aw","Cwb",609,434,192029.5,8.82e-36,1.11e-33,"****"
"degree","Aw","Dfa",609,652,267639,1.09e-26,1.17e-24,"****"
"degree","Aw","Dfb",609,650,255994,2.11e-19,1.84e-17,"****"
"degree","Aw","Dfc",609,636,196760.5,0.625,1,"ns"
"degree","Aw","Dwb",609,608,267905.5,1.53e-41,2.17e-39,"****"
"degree","Aw","Dwc",609,640,242669.5,6.37e-14,4.78e-12,"****"
"degree","Aw","EF",609,348,70989.5,1.84e-17,1.47e-15,"****"
"degree","Aw","ET",609,536,142871,0.000269,0.009,"**"
"degree","BSh","BSk",425,537,61639,1.46e-34,1.8e-32,"****"
"degree","BSh","BWh",425,152,39640.5,3.17e-05,0.001,"**"
"degree","BSh","BWk",425,161,50513.5,5.1e-19,4.34e-17,"****"
"degree","BSh","Cfa",425,653,114304,9.77e-07,4.69e-05,"****"
"degree","BSh","Cfb",425,653,84673,2.54e-27,2.79e-25,"****"
"degree","BSh","Csa",425,199,67018,4.75e-32,5.56e-30,"****"
"degree","BSh","Csb",425,645,106243.5,4.64e-10,2.74e-08,"****"
"degree","BSh","Cwb",425,434,103138,0.003,0.078,"ns"
"degree","BSh","Dfa",425,652,149075.5,0.035,0.656,"ns"
"degree","BSh","Dfb",425,650,124132,0.005,0.128,"ns"
"degree","BSh","Dfc",425,636,87472.5,1.88e-22,1.79e-20,"****"
"degree","BSh","Dwb",425,608,140333,0.018,0.384,"ns"
"degree","BSh","Dwc",425,640,125182.5,0.028,0.556,"ns"
"degree","BSh","EF",425,348,27498,4.04e-51,6.3e-49,"****"
"degree","BSh","ET",425,536,59650,6.32e-37,8.09e-35,"****"
"degree","BSk","BWh",537,152,64462.5,9.58e-28,1.06e-25,"****"
"degree","BSk","BWk",537,161,74951,2.28e-45,3.33e-43,"****"
"degree","BSk","Cfa",537,653,213190,1.38e-10,8.42e-09,"****"
"degree","BSk","Cfb",537,653,181043,0.333,1,"ns"
"degree","BSk","Csa",537,199,95828.5,1.61e-61,2.67e-59,"****"
"degree","BSk","Csb",537,645,220784.5,3.75e-16,2.92e-14,"****"
"degree","BSk","Cwb",537,434,178670,2.11e-46,3.1e-44,"****"
"degree","BSk","Dfa",537,652,247601.5,7.93e-35,9.83e-33,"****"
"degree","BSk","Dfb",537,650,242349.5,8.48e-31,9.75e-29,"****"
"degree","BSk","Dfc",537,636,188850,0.002,0.053,"ns"
"degree","BSk","Dwb",537,608,250346.5,7.48e-55,1.18e-52,"****"
"degree","BSk","Dwc",537,640,227383,1.15e-21,1.06e-19,"****"
"degree","BSk","EF",537,348,69230,7.17e-11,4.52e-09,"****"
"degree","BSk","ET",537,536,138226,0.262,1,"ns"
"degree","BWh","BWk",152,161,15796.5,8.49e-06,0.000374,"***"
"degree","BWh","Cfa",152,653,32399.5,2.52e-11,1.64e-09,"****"
"degree","BWh","Cfb",152,653,23662,8.6e-24,8.43e-22,"****"
"degree","BWh","Csa",152,199,20139,9.91e-08,5.05e-06,"****"
"degree","BWh","Csb",152,645,29108.5,6.28e-15,4.84e-13,"****"
"degree","BWh","Cwb",152,434,28512.5,0.013,0.282,"ns"
"degree","BWh","Dfa",152,652,42991,0.011,0.251,"ns"
"degree","BWh","Dfb",152,650,34165,3.12e-09,1.78e-07,"****"
"degree","BWh","Dfc",152,636,24217,1.1e-21,1.02e-19,"****"
"degree","BWh","Dwb",152,608,38493.5,0.001,0.046,"*"
"degree","BWh","Dwc",152,640,35511,2.24e-07,1.12e-05,"****"
"degree","BWh","EF",152,348,7935.5,1.28e-35,1.6e-33,"****"
"degree","BWh","ET",152,536,17318,2.55e-27,2.79e-25,"****"
"degree","BWk","Cfa",161,653,24207.5,2.6e-26,2.73e-24,"****"
"degree","BWk","Cfb",161,653,16648.5,3.44e-41,4.82e-39,"****"
"degree","BWk","Csa",161,199,18621.5,0.008,0.199,"ns"
"degree","BWk","Csb",161,645,19750.5,4.26e-34,5.2e-32,"****"
"degree","BWk","Cwb",161,434,21420.5,4e-13,2.88e-11,"****"
"degree","BWk","Dfa",161,652,35404.5,1.54e-10,9.24e-09,"****"
"degree","BWk","Dfb",161,650,23832.5,9.41e-27,1.02e-24,"****"
"degree","BWk","Dfc",161,636,16384,1.33e-40,1.85e-38,"****"
"degree","BWk","Dwb",161,608,28112.5,9.41e-17,7.43e-15,"****"
"degree","BWk","Dwc",161,640,27105,1.36e-20,1.22e-18,"****"
"degree","BWk","EF",161,348,5125.5,8.97e-50,1.35e-47,"****"
"degree","BWk","ET",161,536,11555,3.72e-45,5.39e-43,"****"
"degree","Cfa","Cfb",653,653,176220,5.73e-08,2.98e-06,"****"
"degree","Cfa","Csa",653,199,105906,2.41e-41,3.4e-39,"****"
"degree","Cfa","Csb",653,645,210721,0.985,1,"ns"
"degree","Cfa","Cwb",653,434,178794.5,2.52e-13,1.84e-11,"****"
"degree","Cfa","Dfa",653,652,258014.5,3.34e-11,2.14e-09,"****"
"degree","Cfa","Dfb",653,650,233543.5,0.002,0.053,"ns"
"degree","Cfa","Dfc",653,636,181225.5,7.64e-05,0.003,"**"
"degree","Cfa","Dwb",653,608,247112,5.42e-14,4.12e-12,"****"
"degree","Cfa","Dwc",653,640,228374,0.004,0.103,"ns"
"degree","Cfa","EF",653,348,67075.5,1.19e-26,1.26e-24,"****"
"degree","Cfa","ET",653,536,133110.5,1.15e-12,7.94e-11,"****"
"degree","Cfb","Csa",653,199,113834.5,3.7e-58,5.99e-56,"****"
"degree","Cfb","Csb",653,645,256203.5,1.43e-11,9.44e-10,"****"
"degree","Cfb","Cwb",653,434,207662,1.04e-38,1.37e-36,"****"
"degree","Cfb","Dfa",653,652,292210.5,2.18e-31,2.53e-29,"****"
"degree","Cfb","Dfb",653,650,280095,1.63e-23,1.58e-21,"****"
"degree","Cfb","Dfc",653,636,220864.5,0.048,0.816,"ns"
"degree","Cfb","Dwb",653,608,289466,5.33e-45,7.68e-43,"****"
"degree","Cfb","Dwc",653,640,266390.5,1.18e-17,9.68e-16,"****"
"degree","Cfb","EF",653,348,82909,1.78e-12,1.21e-10,"****"
"degree","Cfb","ET",653,536,163521,0.051,0.821,"ns"
"degree","Csa","Csb",199,645,19299,2.16e-50,3.33e-48,"****"
"degree","Csa","Cwb",199,434,21160,6.34e-25,6.47e-23,"****"
"degree","Csa","Dfa",199,652,37802.5,4.68e-19,4.02e-17,"****"
"degree","Csa","Dfb",199,650,22950,3.14e-43,4.49e-41,"****"
"degree","Csa","Dfc",199,636,16070.5,6.37e-57,1.01e-54,"****"
"degree","Csa","Dwb",199,608,27620,1.06e-30,1.21e-28,"****"
"degree","Csa","Dwc",199,640,27987.5,6.18e-33,7.29e-31,"****"
"degree","Csa","EF",199,348,5034.5,3.54e-62,5.95e-60,"****"
"degree","Csa","ET",199,536,10903,8.4e-62,1.4e-59,"****"
"degree","Csb","Cwb",645,434,185916,5.44e-20,4.84e-18,"****"
"degree","Csb","Dfa",645,652,259135,4.32e-13,3.07e-11,"****"
"degree","Csb","Dfb",645,650,237151.5,4.3e-05,0.002,"**"
"degree","Csb","Dfc",645,636,172670,9.57e-07,4.69e-05,"****"
"degree","Csb","Dwb",645,608,257918.5,4.46e-22,4.19e-20,"****"
"degree","Csb","Dwc",645,640,228022.5,0.001,0.038,"*"
"degree","Csb","EF",645,348,57085.5,1.89e-37,2.46e-35,"****"
"degree","Csb","ET",645,536,120106,1.56e-19,1.37e-17,"****"
"degree","Cwb","Dfa",434,652,140701.5,0.877,1,"ns"
"degree","Cwb","Dfb",434,650,110375.5,1.25e-09,7.25e-08,"****"
"degree","Cwb","Dfc",434,636,77630.5,4.74e-34,5.74e-32,"****"
"degree","Cwb","Dwb",434,608,126703.5,0.275,1,"ns"
"degree","Cwb","Dwc",434,640,115149.5,1.96e-06,9.21e-05,"****"
"degree","Cwb","EF",434,348,24482.5,2.01e-59,3.28e-57,"****"
"degree","Cwb","ET",434,536,53135,4.91e-48,7.36e-46,"****"
"degree","Dfa","Dfb",652,650,180802.5,4.56e-06,0.000205,"***"
"degree","Dfa","Dfc",652,636,137524.5,1.31e-25,1.35e-23,"****"
"degree","Dfa","Dwb",652,608,194835,0.601,1,"ns"
"degree","Dfa","Dwc",652,640,182270,8.4e-05,0.003,"**"
"degree","Dfa","EF",652,348,48908.5,8.71e-50,1.32e-47,"****"
"degree","Dfa","ET",652,536,99405,1.6e-37,2.1e-35,"****"
"degree","Dfb","Dfc",650,636,150016,1.69e-17,1.37e-15,"****"
"degree","Dfb","Dwb",650,608,235622.5,3.53e-09,1.98e-07,"****"
"degree","Dfb","Dwc",650,640,208014.5,0.998,1,"ns"
"degree","Dfb","EF",650,348,47829,3.94e-51,6.19e-49,"****"
"degree","Dfb","ET",650,536,102863.5,5.61e-34,6.68e-32,"****"
"degree","Dfc","Dwb",636,608,276371.5,2.94e-39,3.97e-37,"****"
"degree","Dfc","Dwc",636,640,250413.5,1.04e-12,7.28e-11,"****"
"degree","Dfc","EF",636,348,73046,1.09e-18,9.16e-17,"****"
"degree","Dfc","ET",636,536,146854.5,4.37e-05,0.002,"**"
"degree","Dwb","Dwc",608,640,165163,3.85e-06,0.000177,"***"
"degree","Dwb","EF",608,348,33646,4.7e-69,8.04e-67,"****"
"degree","Dwb","ET",608,536,74253.5,5.84e-57,9.34e-55,"****"
"degree","Dwc","EF",640,348,55151.5,2.55e-39,3.47e-37,"****"
"degree","Dwc","ET",640,536,112443.5,2.32e-24,2.34e-22,"****"
"degree","EF","ET",348,536,114118.5,1.88e-08,1.03e-06,"****"
"between","Af","Am",643,556,183302,0.447,1,"ns"
"between","Af","Aw",643,609,201349,0.385,1,"ns"
"between","Af","BSh",643,425,202252,2.37e-40,2.35e-38,"****"
"between","Af","BSk",643,537,190135,0.003,0.078,"ns"
"between","Af","BWh",643,152,95388,1.34e-74,1.88e-72,"****"
"between","Af","BWk",643,161,102800,1.18e-83,1.84e-81,"****"
"between","Af","Cfa",643,653,295221,9.93e-37,9.43e-35,"****"
"between","Af","Cfb",643,653,243118.5,8.43e-07,3.62e-05,"****"
"between","Af","Csa",643,199,127390,2.06e-99,3.52e-97,"****"
"between","Af","Csb",643,645,256276.5,2.34e-13,1.4e-11,"****"
"between","Af","Cwb",643,434,245076.5,1.22e-98,2.07e-96,"****"
"between","Af","Dfa",643,652,332926,5.11e-75,7.21e-73,"****"
"between","Af","Dfb",643,650,276462.5,8.94e-24,6.53e-22,"****"
"between","Af","Dfc",643,636,218681.5,0.032,0.756,"ns"
"between","Af","Dwb",643,608,316940.5,1.18e-80,1.76e-78,"****"
"between","Af","Dwc",643,640,293448,7.23e-40,7.09e-38,"****"
"between","Af","EF",643,348,106912.5,0.248,1,"ns"
"between","Af","ET",643,536,179854.5,0.196,1,"ns"
"between","Am","Aw",556,609,169580.5,0.961,1,"ns"
"between","Am","BSh",556,425,170781.5,5.19e-33,4.67e-31,"****"
"between","Am","BSk",556,537,160380,0.034,0.771,"ns"
"between","Am","BWh",556,152,81863,2.49e-70,3.36e-68,"****"
"between","Am","BWk",556,161,88527,6.79e-80,9.91e-78,"****"
"between","Am","Cfa",556,653,249697.5,1.94e-29,1.67e-27,"****"
"between","Am","Cfb",556,653,204884.5,0.000114,0.004,"**"
"between","Am","Csa",556,199,109811,8.47e-95,1.39e-92,"****"
"between","Am","Csb",556,645,215948.5,9.78e-10,4.99e-08,"****"
"between","Am","Cwb",556,434,207742,9.19e-85,1.45e-82,"****"
"between","Am","Dfa",556,652,282197,1.23e-62,1.45e-60,"****"
"between","Am","Dfb",556,650,232951,4.46e-18,2.94e-16,"****"
"between","Am","Dfc",556,636,184291,0.207,1,"ns"
"between","Am","Dwb",556,608,268131,4.72e-67,5.85e-65,"****"
"between","Am","Dwc",556,640,247734,1.03e-31,9.17e-30,"****"
"between","Am","EF",556,348,90511,0.103,1,"ns"
"between","Am","ET",556,536,151827,0.589,1,"ns"
"between","Aw","BSh",609,425,187181,2.24e-34,2.06e-32,"****"
"between","Aw","BSk",609,537,174997.5,0.04,0.84,"ns"
"between","Aw","BWh",609,152,89724,8.05e-72,1.12e-69,"****"
"between","Aw","BWk",609,161,97015,1.34e-81,2.02e-79,"****"
"between","Aw","Cfa",609,653,273129.5,1.6e-30,1.41e-28,"****"
"between","Aw","Cfb",609,653,224180,8.97e-05,0.003,"**"
"between","Aw","Csa",609,199,120286,5.53e-97,9.24e-95,"****"
"between","Aw","Csb",609,645,236254.5,5.05e-10,2.63e-08,"****"
"between","Aw","Cwb",609,434,227592.5,3.85e-88,6.2e-86,"****"
"between","Aw","Dfa",609,652,308971,1.73e-65,2.11e-63,"****"
"between","Aw","Dfb",609,650,255153,6.9e-19,4.69e-17,"****"
"between","Aw","Dfc",609,636,201346,0.226,1,"ns"
"between","Aw","Dwb",609,608,293545.5,5.6e-70,7.5e-68,"****"
"between","Aw","Dwc",609,640,271265,4.11e-33,3.74e-31,"****"
"between","Aw","EF",609,348,98484,0.069,1,"ns"
"between","Aw","ET",609,536,165798.5,0.643,1,"ns"
"between","BSh","BSk",425,537,72803,4.8e-22,3.46e-20,"****"
"between","BSh","BWh",425,152,58993,8.74e-52,9.44e-50,"****"
"between","BSh","BWk",425,161,66303,4.33e-69,5.72e-67,"****"
"between","BSh","Cfa",425,653,131781,0.162,1,"ns"
"between","BSh","Cfb",425,653,94322.5,5.79e-19,4e-17,"****"
"between","BSh","Csa",425,199,82698,6.92e-83,1.07e-80,"****"
"between","BSh","Csb",425,645,101282,4.7e-13,2.77e-11,"****"
"between","BSh","Cwb",425,434,126418.5,5.22e-21,3.71e-19,"****"
"between","BSh","Dfa",425,652,164138,2.91e-07,1.31e-05,"****"
"between","BSh","Dfb",425,650,112268,2.04e-07,9.38e-06,"****"
"between","BSh","Dfc",425,636,79538,5.88e-30,5.12e-28,"****"
"between","BSh","Dwb",425,608,151240.5,3e-06,0.000117,"***"
"between","BSh","Dwc",425,640,130064,0.227,1,"ns"
"between","BSh","EF",425,348,40079.5,5.56e-28,4.56e-26,"****"
"between","BSh","ET",425,536,65953.5,3.27e-29,2.78e-27,"****"
"between","BSk","BWh",537,152,78369,2.32e-67,2.9e-65,"****"
"between","BSk","BWk",537,161,85501,2.8e-79,4.03e-77,"****"
"between","BSk","Cfa",537,653,227501.5,9.29e-19,6.22e-17,"****"
"between","BSk","Cfb",537,653,184476,0.121,1,"ns"
"between","BSk","Csa",537,199,106175,2.37e-94,3.86e-92,"****"
"between","BSk","Csb",537,645,194170.5,0.000329,0.011,"*"
"between","BSk","Cwb",537,434,192825.5,4.98e-69,6.52e-67,"****"
"between","BSk","Dfa",537,652,260421,1.46e-47,1.49e-45,"****"
"between","BSk","Dfb",537,650,209848.5,1.87e-09,9.16e-08,"****"
"between","BSk","Dfc",537,636,165060,0.324,1,"ns"
"between","BSk","Dwb",537,608,245741.5,2.18e-49,2.29e-47,"****"
"between","BSk","Dwc",537,640,225634,2.02e-20,1.41e-18,"****"
"between","BSk","EF",537,348,81212,0.000997,0.031,"*"
"between","BSk","ET",537,536,136141.5,0.126,1,"ns"
"between","BWh","BWk",152,161,15456,2.58e-05,0.00098,"***"
"between","BWh","Cfa",152,653,10159,8.51e-53,9.36e-51,"****"
"between","BWh","Cfb",152,653,4827.5,1.81e-67,2.28e-65,"****"
"between","BWh","Csa",152,199,19394,2.54e-06,0.000104,"***"
"between","BWh","Csb",152,645,4673,1.36e-67,1.73e-65,"****"
"between","BWh","Cwb",152,434,10381,2.41e-36,2.27e-34,"****"
"between","BWh","Dfa",152,652,17803,6.04e-35,5.62e-33,"****"
"between","BWh","Dfb",152,650,5370.5,9.34e-66,1.15e-63,"****"
"between","BWh","Dfc",152,636,3312,2.33e-71,3.19e-69,"****"
"between","BWh","Dwb",152,608,10598,5.33e-49,5.54e-47,"****"
"between","BWh","Dwc",152,640,10325,1.2e-51,1.28e-49,"****"
"between","BWh","EF",152,348,1855,1.32e-61,1.53e-59,"****"
"between","BWh","ET",152,536,2808,6.97e-69,9.06e-67,"****"
"between","BWk","Cfa",161,653,5380,6.31e-70,8.39e-68,"****"
"between","BWk","Cfb",161,653,2006,6.03e-80,8.86e-78,"****"
"between","BWk","Csa",161,199,16042.5,0.981,1,"ns"
"between","BWk","Csb",161,645,1546,4.16e-81,6.24e-79,"****"
"between","BWk","Cwb",161,434,3961,2.85e-62,3.33e-60,"****"
"between","BWk","Dfa",161,652,11564.5,2.3e-53,2.55e-51,"****"
"between","BWk","Dfb",161,650,1874,3.04e-80,4.5e-78,"****"
"between","BWk","Dfc",161,636,1197,6.25e-82,9.56e-80,"****"
"between","BWk","Dwb",161,608,4113,1.17e-71,1.61e-69,"****"
"between","BWk","Dwc",161,640,5761,2.97e-68,3.83e-66,"****"
"between","BWk","EF",161,348,682,1.67e-70,2.27e-68,"****"
"between","BWk","ET",161,536,931,2.48e-79,3.6e-77,"****"
"between","Cfa","Cfb",653,653,159151,2.16e-15,1.36e-13,"****"
"between","Cfa","Csa",653,199,124297.5,4.89e-85,7.78e-83,"****"
"between","Cfa","Csb",653,645,169723.5,1.43e-09,7.15e-08,"****"
"between","Cfa","Cwb",653,434,195987.5,9.19e-27,7.17e-25,"****"
"between","Cfa","Dfa",653,652,259266,9.39e-12,5.45e-10,"****"
"between","Cfa","Dfb",653,650,186186,0.000126,0.004,"**"
"between","Cfa","Dfc",653,636,137061.5,4.33e-26,3.29e-24,"****"
"between","Cfa","Dwb",653,608,239496.5,2.26e-10,1.22e-08,"****"
"between","Cfa","Dwc",653,640,210900.5,0.773,1,"ns"
"between","Cfa","EF",653,348,68301,2.37e-25,1.75e-23,"****"
"between","Cfa","ET",653,536,113228.5,1.01e-25,7.58e-24,"****"
"between","Cfb","Csa",653,199,127961,1.52e-95,2.51e-93,"****"
"between","Cfb","Csb",653,645,225611,0.026,0.653,"ns"
"between","Cfb","Cwb",653,434,230156,3.44e-68,4.4e-66,"****"
"between","Cfb","Dfa",653,652,308899,3.44e-45,3.44e-43,"****"
"between","Cfb","Dfb",653,650,244861,1.54e-06,6.47e-05,"****"
"between","Cfb","Dfc",653,636,189098.5,0.005,0.154,"ns"
"between","Cfb","Dwb",653,608,291563,5.15e-47,5.2e-45,"****"
"between","Cfb","Dwc",653,640,265111.5,6.04e-17,3.93e-15,"****"
"between","Cfb","EF",653,348,93165,2.65e-06,0.000106,"***"
"between","Cfb","ET",653,536,155999.5,0.001,0.038,"*"
"between","Csa","Csb",199,645,1285,2.65e-97,4.45e-95,"****"
"between","Csa","Cwb",199,434,3319,5.62e-78,8.04e-76,"****"
"between","Csa","Dfa",199,652,13292,3.92e-65,4.74e-63,"****"
"between","Csa","Dfb",199,650,1659,2.22e-96,3.69e-94,"****"
"between","Csa","Dfc",199,636,1058,1.25e-97,2.11e-95,"****"
"between","Csa","Dwb",199,608,3751,4.38e-88,7.01e-86,"****"
"between","Csa","Dwc",199,640,6246.5,1.15e-82,1.77e-80,"****"
"between","Csa","EF",199,348,617,6.68e-82,1.02e-79,"****"
"between","Csa","ET",199,536,733,3.82e-94,6.19e-92,"****"
"between","Csb","Cwb",645,434,222703.5,4.79e-61,5.51e-59,"****"
"between","Csb","Dfa",645,652,295874,6.46e-37,6.2e-35,"****"
"between","Csb","Dfb",645,650,227194,0.009,0.235,"ns"
"between","Csb","Dfc",645,636,171305.5,3.29e-07,1.45e-05,"****"
"between","Csb","Dwb",645,608,278590.5,5.2e-38,5.04e-36,"****"
"between","Csb","Dwc",645,640,249354,1.06e-10,5.94e-09,"****"
"between","Csb","EF",645,348,84740,1.83e-10,1.01e-08,"****"
"between","Csb","ET",645,536,141432,7.22e-08,3.39e-06,"****"
"between","Cwb","Dfa",434,652,122115.5,0.00013,0.004,"**"
"between","Cwb","Dfb",434,650,64350,4.32e-52,4.71e-50,"****"
"between","Cwb","Dfc",434,636,41544.5,3.85e-84,6.04e-82,"****"
"between","Cwb","Dwb",434,608,103649.5,3.5e-09,1.68e-07,"****"
"between","Cwb","Dwc",434,640,85737,1.68e-26,1.29e-24,"****"
"between","Cwb","EF",434,348,22075,5.51e-65,6.61e-63,"****"
"between","Cwb","ET",434,536,35279.5,7.6e-78,1.08e-75,"****"
"between","Dfa","Dfb",652,650,138545,2.95e-27,2.36e-25,"****"
"between","Dfa","Dfc",652,636,97451.5,6.5e-61,7.41e-59,"****"
"between","Dfa","Dwb",652,608,190335.5,0.223,1,"ns"
"between","Dfa","Dwc",652,640,164313.5,3.8e-11,2.17e-09,"****"
"between","Dfa","EF",652,348,49647.5,1.05e-48,1.08e-46,"****"
"between","Dfa","ET",652,536,81165.5,6.1e-57,6.83e-55,"****"
"between","Dfb","Dfc",650,636,154987.5,8.09e-15,4.93e-13,"****"
"between","Dfb","Dwb",650,608,268415.5,3.93e-28,3.26e-26,"****"
"between","Dfb","Dwc",650,640,235456.5,4.06e-05,0.002,"**"
"between","Dfb","EF",650,348,77001.5,8.91e-17,5.7e-15,"****"
"between","Dfb","ET",650,536,127818.5,2.77e-15,1.72e-13,"****"
"between","Dfc","Dwb",636,608,300841.5,1.33e-64,1.58e-62,"****"
"between","Dfc","Dwc",636,640,276437,1.58e-28,1.33e-26,"****"
"between","Dfc","EF",636,348,99091,0.007,0.179,"ns"
"between","Dfc","ET",636,536,166450,0.489,1,"ns"
"between","Dwb","Dwc",608,640,154843,4.35e-10,2.31e-08,"****"
"between","Dwb","EF",608,348,44371,1.51e-50,1.6e-48,"****"
"between","Dwb","ET",608,536,71850,5.49e-60,6.2e-58,"****"
"between","Dwc","EF",640,348,65300.5,5.89e-27,4.65e-25,"****"
"between","Dwc","ET",640,536,108177.5,9.25e-28,7.49e-26,"****"
"between","EF","ET",348,536,101085,0.035,0.771,"ns"
"close","Af","Am",643,556,169894,0.138,1,"ns"
"close","Af","Aw",643,608,170349,8.37e-05,0.004,"**"
"close","Af","BSh",643,425,147523,0.027,0.575,"ns"
"close","Af","BSk",643,537,261812,8.15e-53,1.14e-50,"****"
"close","Af","BWh",643,136,64599,2.03e-18,1.83e-16,"****"
"close","Af","BWk",643,140,39682,0.028,0.575,"ns"
"close","Af","Cfa",643,653,88551,1.38e-72,2.14e-70,"****"
"close","Af","Cfb",643,653,161138,4.35e-13,3.18e-11,"****"
"close","Af","Csa",643,172,24797,9.81e-29,1.08e-26,"****"
"close","Af","Csb",643,645,220752,0.045,0.853,"ns"
"close","Af","Cwb",643,434,91920,1.93e-21,1.93e-19,"****"
"close","Af","Dfa",643,646,58358,1.29e-110,2.15e-108,"****"
"close","Af","Dfb",643,650,200562,0.21,1,"ns"
"close","Af","Dfc",643,636,194282,0.123,1,"ns"
"close","Af","Dwb",643,608,212645,0.007,0.208,"ns"
"close","Af","Dwc",643,640,105838,3.05e-51,4.18e-49,"****"
"close","Af","EF",643,348,179007,6.52e-55,9.32e-53,"****"
"close","Af","ET",643,536,245242,5.42e-36,6.56e-34,"****"
"close","Am","Aw",556,608,154529,0.011,0.285,"ns"
"close","Am","BSh",556,425,131358,0.003,0.093,"ns"
"close","Am","BSk",556,537,230687,7.04e-55,1e-52,"****"
"close","Am","BWh",556,136,56679,1.71e-19,1.61e-17,"****"
"close","Am","BWk",556,140,35860,0.15,1,"ns"
"close","Am","Cfa",556,653,84610,9.43e-58,1.39e-55,"****"
"close","Am","Cfb",556,653,146749,8.98e-09,5.3e-07,"****"
"close","Am","Csa",556,172,23817,2.36e-23,2.45e-21,"****"
"close","Am","Csb",556,645,197835,0.002,0.074,"ns"
"close","Am","Cwb",556,434,84498,5.55e-16,4.5e-14,"****"
"close","Am","Dfa",556,646,59035,9.02e-90,1.46e-87,"****"
"close","Am","Dfb",556,650,179473,0.839,1,"ns"
"close","Am","Dfc",556,636,175959,0.886,1,"ns"
"close","Am","Dwb",556,608,189712,0.000305,0.013,"*"
"close","Am","Dwc",556,640,99469,1.35e-39,1.69e-37,"****"
"close","Am","EF",556,348,157340,1.15e-56,1.68e-54,"****"
"close","Am","ET",556,536,217197,3.86e-39,4.79e-37,"****"
"close","Aw","BSh",608,425,149690,1.41e-05,0.000691,"***"
"close","Aw","BSk",608,537,256966,3.23e-63,4.91e-61,"****"
"close","Aw","BWh",608,136,62658,5.11e-21,5.06e-19,"****"
"close","Aw","BWk",608,140,41400,0.615,1,"ns"
"close","Aw","Cfa",608,653,105258,3.27e-47,4.38e-45,"****"
"close","Aw","Cfb",608,653,176956,0.00085,0.034,"*"
"close","Aw","Csa",608,172,28056,1.57e-20,1.54e-18,"****"
"close","Aw","Csb",608,645,225716,3.67e-06,0.000187,"***"
"close","Aw","Cwb",608,434,100178,3.33e-11,2.2e-09,"****"
"close","Aw","Dfa",608,646,71989,6.48e-84,1.03e-81,"****"
"close","Aw","Dfb",608,650,206875,0.15,1,"ns"
"close","Aw","Dfc",608,636,202798,0.136,1,"ns"
"close","Aw","Dwb",608,608,216498,2.32e-07,1.32e-05,"****"
"close","Aw","Dwc",608,640,121179,9.26e-31,1.08e-28,"****"
"close","Aw","EF",608,348,173756,1.74e-61,2.61e-59,"****"
"close","Aw","ET",608,536,240862,2.28e-44,2.99e-42,"****"
"close","BSh","BSk",425,537,144475,1.3e-12,9.23e-11,"****"
"close","BSh","BWh",425,136,38662,2.97e-09,1.78e-07,"****"
"close","BSh","BWk",425,140,24997,0.005,0.146,"ns"
"close","BSh","Cfa",425,653,73810,1.19e-38,1.46e-36,"****"
"close","BSh","Cfb",425,653,106907,1.81e-10,1.16e-08,"****"
"close","BSh","Csa",425,172,19486,3.88e-19,3.57e-17,"****"
"close","BSh","Csb",425,645,130957,0.217,1,"ns"
"close","BSh","Cwb",425,434,64580,2.88e-14,2.22e-12,"****"
"close","BSh","Dfa",425,646,56593,1.14e-59,1.69e-57,"****"
"close","BSh","Dfb",425,650,124855,0.008,0.215,"ns"
"close","BSh","Dfc",425,636,118460,0.000644,0.027,"*"
"close","BSh","Dwb",425,608,128528,0.887,1,"ns"
"close","BSh","Dwc",425,640,80354,1.04e-29,1.16e-27,"****"
"close","BSh","EF",425,348,97520,2.33e-14,1.82e-12,"****"
"close","BSh","ET",425,536,134107,2.26e-06,0.000122,"***"
"close","BSk","BWh",537,136,43190,0.000984,0.038,"*"
"close","BSk","BWk",537,140,19741,4.71e-18,4.05e-16,"****"
"close","BSk","Cfa",537,653,34854,2.52e-125,4.28e-123,"****"
"close","BSk","Cfb",537,653,65381,1.6e-77,2.51e-75,"****"
"close","BSk","Csa",537,172,10474,1.13e-52,1.57e-50,"****"
"close","BSk","Csb",537,645,110230,4.61e-27,5.02e-25,"****"
"close","BSk","Cwb",537,434,44716,2.3e-61,3.43e-59,"****"
"close","BSk","Dfa",537,646,22931,5.7e-146,9.75e-144,"****"
"close","BSk","Dfb",537,650,106993,1.52e-30,1.76e-28,"****"
"close","BSk","Dfc",537,636,87496,4.78e-47,6.36e-45,"****"
"close","BSk","Dwb",537,608,114429,2.28e-18,2.03e-16,"****"
"close","BSk","Dwc",537,640,42338,4.09e-110,6.79e-108,"****"
"close","BSk","EF",537,348,101880,0.023,0.508,"ns"
"close","BSk","ET",537,536,130077,0.006,0.192,"ns"
"close","BWh","BWk",136,140,4988,8.18e-12,5.64e-10,"****"
"close","BWh","Cfa",136,653,14210,8.77e-36,1.05e-33,"****"
"close","BWh","Cfb",136,653,19873,3.48e-24,3.65e-22,"****"
"close","BWh","Csa",136,172,3769,1.73e-24,1.85e-22,"****"
"close","BWh","Csb",136,645,25726,3.34e-14,2.54e-12,"****"
"close","BWh","Cwb",136,434,12881,3.29e-23,3.39e-21,"****"
"close","BWh","Dfa",136,646,11228,1.83e-42,2.36e-40,"****"
"close","BWh","Dfb",136,650,25177,2.78e-15,2.2e-13,"****"
"close","BWh","Dfc",136,636,22613,2.3e-18,2.03e-16,"****"
"close","BWh","Dwb",136,608,26480,5.38e-11,3.5e-09,"****"
"close","BWh","Dwc",136,640,15256,1.11e-32,1.32e-30,"****"
"close","BWh","EF",136,348,20300,0.015,0.36,"ns"
"close","BWh","ET",136,536,27017,3.1e-06,0.000161,"***"
"close","BWk","Cfa",140,653,30217,2.99e-10,1.88e-08,"****"
"close","BWk","Cfb",140,653,43102,0.289,1,"ns"
"close","BWk","Csa",140,172,7804,9.07e-08,5.26e-06,"****"
"close","BWk","Csb",140,645,51386,0.01,0.278,"ns"
"close","BWk","Cwb",140,434,25685,0.006,0.184,"ns"
"close","BWk","Dfa",140,646,23135,1.21e-19,1.15e-17,"****"
"close","BWk","Dfb",140,650,48788,0.18,1,"ns"
"close","BWk","Dfc",140,636,47119,0.279,1,"ns"
"close","BWk","Dwb",140,608,49596,0.002,0.082,"ns"
"close","BWk","Dwc",140,640,32625,4.62e-07,2.59e-05,"****"
"close","BWk","EF",140,348,37217,7.21e-20,6.92e-18,"****"
"close","BWk","ET",140,536,51959,2.26e-12,1.58e-10,"****"
"close","Cfa","Cfb",653,653,290705,5.76e-30,6.51e-28,"****"
"close","Cfa","Csa",653,172,53901,0.417,1,"ns"
"close","Cfa","Csb",653,645,314969,6.67e-54,9.4e-52,"****"
"close","Cfa","Cwb",653,434,167025,5.86e-07,3.22e-05,"****"
"close","Cfa","Dfa",653,646,165243,1.41e-11,9.59e-10,"****"
"close","Cfa","Dfb",653,650,298461,6.09e-37,7.43e-35,"****"
"close","Cfa","Dfc",653,636,300277,1.08e-43,1.4e-41,"****"
"close","Cfa","Dwb",653,608,297144,1.33e-52,1.84e-50,"****"
"close","Cfa","Dwc",653,640,226093,0.011,0.278,"ns"
"close","Cfa","EF",653,348,207289,1.47e-102,2.43e-100,"****"
"close","Cfa","ET",653,536,298919,3.28e-98,5.38e-96,"****"
"close","Cfb","Csa",653,172,35374,7.73e-14,5.72e-12,"****"
"close","Cfb","Csb",653,645,258994,7.6e-13,5.47e-11,"****"
"close","Cfb","Cwb",653,434,121218,5.33e-05,0.003,"**"
"close","Cfb","Dfa",653,646,97544,3.97e-63,5.99e-61,"****"
"close","Cfb","Dfb",653,650,239244,6.94e-05,0.003,"**"
"close","Cfb","Dfc",653,636,236856,1.24e-05,0.00062,"***"
"close","Cfb","Dwb",653,608,247106,5.47e-14,4.1e-12,"****"
"close","Cfb","Dwc",653,640,152116,2.51e-17,2.11e-15,"****"
"close","Cfb","EF",653,348,191339,3.38e-71,5.21e-69,"****"
"close","Cfb","ET",653,536,268004,3.91e-56,5.67e-54,"****"
"close","Csa","Csb",172,645,82581,6.3e-23,6.43e-21,"****"
"close","Csa","Cwb",172,434,44943,8.83e-05,0.004,"**"
"close","Csa","Dfa",172,646,46343,0.000822,0.034,"*"
"close","Csa","Dfb",172,650,79153,4.57e-17,3.79e-15,"****"
"close","Csa","Dfc",172,636,79135,2.28e-19,2.12e-17,"****"
"close","Csa","Dwb",172,608,77983,6.93e-23,7e-21,"****"
"close","Csa","Dwc",172,640,61359,0.021,0.476,"ns"
"close","Csa","EF",172,348,53849,8.27e-50,1.12e-47,"****"
"close","Csa","ET",172,536,77664,1.1e-41,1.41e-39,"****"
"close","Csb","Cwb",645,434,97889,5.17e-17,4.24e-15,"****"
"close","Csb","Dfa",645,646,78227,4.73e-84,7.57e-82,"****"
"close","Csb","Dfb",645,650,197740,0.077,1,"ns"
"close","Csb","Dfc",645,636,184534,0.002,0.071,"ns"
"close","Csb","Dwb",645,608,203658,0.237,1,"ns"
"close","Csb","Dwc",645,640,117726,1.51e-40,1.92e-38,"****"
"close","Csb","EF",645,348,160856,1.71e-29,1.9e-27,"****"
"close","Csb","ET",645,536,219322,1.7e-15,1.36e-13,"****"
"close","Cwb","Dfa",434,646,88900,1.9e-24,2.01e-22,"****"
"close","Cwb","Dfb",434,650,172624,4.06e-10,2.52e-08,"****"
"close","Cwb","Dfc",434,636,171148,2.46e-11,1.65e-09,"****"
"close","Cwb","Dwb",434,608,173727,2.63e-18,2.29e-16,"****"
"close","Cwb","Dwc",434,640,124373,0.004,0.124,"ns"
"close","Cwb","EF",434,348,124715,2.35e-55,3.38e-53,"****"
"close","Cwb","ET",434,536,177307,6.81e-45,8.99e-43,"****"
"close","Dfa","Dfb",646,650,325656,4.07e-66,6.23e-64,"****"
"close","Dfa","Dfc",646,636,328158,1.49e-76,2.32e-74,"****"
"close","Dfa","Dwb",646,608,317389,1.67e-79,2.64e-77,"****"
"close","Dfa","Dwc",646,640,266113,4.7e-19,4.28e-17,"****"
"close","Dfa","EF",646,348,210913,3.15e-115,5.29e-113,"****"
"close","Dfa","ET",646,536,308540,7.79e-119,1.32e-116,"****"
"close","Dfb","Dfc",650,636,201784,0.46,1,"ns"
"close","Dfb","Dwb",650,608,216316,0.004,0.124,"ns"
"close","Dfb","Dwc",650,640,137323,4.35e-26,4.7e-24,"****"
"close","Dfb","EF",650,348,162663,3.27e-30,3.73e-28,"****"
"close","Dfb","ET",650,536,224939,5.48e-18,4.66e-16,"****"
"close","Dfc","Dwb",636,608,217832,0.000111,0.005,"**"
"close","Dfc","Dwc",636,640,128066,1.99e-30,2.29e-28,"****"
"close","Dfc","EF",636,348,172376,1.66e-47,2.24e-45,"****"
"close","Dfc","ET",636,536,237239,5.83e-31,6.88e-29,"****"
"close","Dwb","Dwc",608,640,110283,4.98e-40,6.27e-38,"****"
"close","Dwb","EF",608,348,143725,2.6e-20,2.52e-18,"****"
"close","Dwb","ET",608,536,196836,1.22e-09,7.44e-08,"****"
"close","Dwc","EF",640,348,198885,9.28e-93,1.51e-90,"****"
"close","Dwc","ET",640,536,284926,4.06e-85,6.54e-83,"****"
"close","EF","ET",348,536,75824,2.58e-06,0.000137,"***"
"eigenv","Af","Am",643,556,164040,0.014,0.848,"ns"
"eigenv","Af","Aw",643,609,198463,0.676,1,"ns"
"eigenv","Af","BSh",643,425,158021,1.47e-05,0.001,"**"
"eigenv","Af","BSk",643,537,189142,0.005,0.308,"ns"
"eigenv","Af","BWh",643,152,69209,1.37e-15,1.99e-13,"****"
"eigenv","Af","BWk",643,161,77986,2.49e-23,4.21e-21,"****"
"eigenv","Af","Cfa",643,653,211447,0.823,1,"ns"
"eigenv","Af","Cfb",643,653,208036,0.778,1,"ns"
"eigenv","Af","Csa",643,199,91474,4.7e-20,7.52e-18,"****"
"eigenv","Af","Csb",643,645,259476,5.86e-15,8.38e-13,"****"
"eigenv","Af","Cwb",643,434,161933,7.67e-06,0.00079,"***"
"eigenv","Af","Dfa",643,652,240292,5.15e-06,0.000546,"***"
"eigenv","Af","Dfb",643,650,219974,0.101,1,"ns"
"eigenv","Af","Dfc",643,636,220107,0.018,1,"ns"
"eigenv","Af","Dwb",643,608,221243,5.46e-05,0.005,"**"
"eigenv","Af","Dwc",643,640,230159,0.000236,0.02,"*"
"eigenv","Af","EF",643,348,106679,0.226,1,"ns"
"eigenv","Af","ET",643,536,175934,0.535,1,"ns"
"eigenv","Am","Aw",556,609,184627,0.008,0.476,"ns"
"eigenv","Am","BSh",556,425,144799,1.36e-09,1.66e-07,"****"
"eigenv","Am","BSk",556,537,174300,1.63e-06,0.000178,"***"
"eigenv","Am","BWh",556,152,61776,2.43e-18,3.74e-16,"****"
"eigenv","Am","BWk",556,161,68757,3.41e-25,5.83e-23,"****"
"eigenv","Am","Cfa",556,653,195826,0.018,1,"ns"
"eigenv","Am","Cfb",556,653,192945,0.059,1,"ns"
"eigenv","Am","Csa",556,199,81886,8.2e-24,1.39e-21,"****"
"eigenv","Am","Csb",556,645,237142,4.96e-22,8.18e-20,"****"
"eigenv","Am","Cwb",556,434,147672,1.42e-09,1.72e-07,"****"
"eigenv","Am","Dfa",556,652,220582,7.66e-11,9.58e-09,"****"
"eigenv","Am","Dfb",556,650,204386,8.55e-05,0.008,"**"
"eigenv","Am","Dfc",556,636,203023,9.81e-06,0.001,"**"
"eigenv","Am","Dwb",556,608,202884,3.41e-09,3.99e-07,"****"
"eigenv","Am","Dwc",556,640,210951,2.95e-08,3.39e-06,"****"
"eigenv","Am","EF",556,348,99082,0.541,1,"ns"
"eigenv","Am","ET",556,536,164514,0.003,0.207,"ns"
"eigenv","Aw","BSh",609,425,148193,7.04e-05,0.006,"**"
"eigenv","Aw","BSk",609,537,176684,0.018,1,"ns"
"eigenv","Aw","BWh",609,152,65048,1e-14,1.41e-12,"****"
"eigenv","Aw","BWk",609,161,73532,1.61e-22,2.67e-20,"****"
"eigenv","Aw","Cfa",609,653,198110,0.91,1,"ns"
"eigenv","Aw","Cfb",609,653,195015,0.555,1,"ns"
"eigenv","Aw","Csa",609,199,85836,1.04e-18,1.63e-16,"****"
"eigenv","Aw","Csb",609,645,242122,9.81e-13,1.31e-10,"****"
"eigenv","Aw","Cwb",609,434,151685,4.64e-05,0.004,"**"
"eigenv","Aw","Dfa",609,652,224763,4.93e-05,0.005,"**"
"eigenv","Aw","Dfb",609,650,205773,0.224,1,"ns"
"eigenv","Aw","Dfc",609,636,205835,0.055,1,"ns"
"eigenv","Aw","Dwb",609,608,207215,0.000316,0.026,"*"
"eigenv","Aw","Dwc",609,640,215586,0.001,0.089,"ns"
"eigenv","Aw","EF",609,348,100168,0.159,1,"ns"
"eigenv","Aw","ET",609,536,164507,0.817,1,"ns"
"eigenv","BSh","BSk",425,537,106355,0.07,1,"ns"
"eigenv","BSh","BWh",425,152,42049,3.27e-08,3.73e-06,"****"
"eigenv","BSh","BWk",425,161,49307,1.58e-16,2.34e-14,"****"
"eigenv","BSh","Cfa",425,653,119190,8.93e-05,0.008,"**"
"eigenv","BSh","Cfb",425,653,117270,1.69e-05,0.002,"**"
"eigenv","BSh","Csa",425,199,55211,7.4e-10,9.18e-08,"****"
"eigenv","BSh","Csb",425,645,147521,0.034,1,"ns"
"eigenv","BSh","Cwb",425,434,93103,0.809,1,"ns"
"eigenv","BSh","Dfa",425,652,137435,0.823,1,"ns"
"eigenv","BSh","Dfb",425,650,123876,0.004,0.281,"ns"
"eigenv","BSh","Dfc",425,636,124374,0.028,1,"ns"
"eigenv","BSh","Dwb",425,608,125939,0.49,1,"ns"
"eigenv","BSh","Dwc",425,640,131465,0.356,1,"ns"
"eigenv","BSh","EF",425,348,59748,4.27e-06,0.000461,"***"
"eigenv","BSh","ET",425,536,97662,0.000145,0.012,"*"
"eigenv","BSk","BWh",537,152,54984,6.09e-11,7.67e-09,"****"
"eigenv","BSk","BWk",537,161,63486,1.77e-19,2.81e-17,"****"
"eigenv","BSk","Cfa",537,653,161493,0.019,1,"ns"
"eigenv","BSk","Cfb",537,653,159298,0.007,0.428,"ns"
"eigenv","BSk","Csa",537,199,72439,1.18e-13,1.62e-11,"****"
"eigenv","BSk","Csb",537,645,198218,1.83e-05,0.002,"**"
"eigenv","BSk","Cwb",537,434,125292,0.044,1,"ns"
"eigenv","BSk","Dfa",537,652,184393,0.113,1,"ns"
"eigenv","BSk","Dfb",537,650,167240,0.215,1,"ns"
"eigenv","BSk","Dfc",537,636,168268,0.666,1,"ns"
"eigenv","BSk","Dwb",537,608,169895,0.234,1,"ns"
"eigenv","BSk","Dwc",537,640,177110,0.364,1,"ns"
"eigenv","BSk","EF",537,348,81551,0.001,0.104,"ns"
"eigenv","BSk","ET",537,536,132703,0.027,1,"ns"
"eigenv","BWh","BWk",152,161,14571,0.004,0.24,"ns"
"eigenv","BWh","Cfa",152,653,30009,3e-14,4.14e-12,"****"
"eigenv","BWh","Cfb",152,653,29486,6.15e-15,8.73e-13,"****"
"eigenv","BWh","Csa",152,199,15630,0.592,1,"ns"
"eigenv","BWh","Csb",152,645,36661,1.3e-06,0.000143,"***"
"eigenv","BWh","Cwb",152,434,23519,1.37e-07,1.53e-05,"****"
"eigenv","BWh","Dfa",152,652,34921,1.39e-08,1.61e-06,"****"
"eigenv","BWh","Dfb",152,650,30854,5.49e-13,7.41e-11,"****"
"eigenv","BWh","Dfc",152,636,31091,7.92e-12,1.02e-09,"****"
"eigenv","BWh","Dwb",152,608,31622,1.69e-09,2.03e-07,"****"
"eigenv","BWh","Dwc",152,640,33216,1.18e-09,1.45e-07,"****"
"eigenv","BWh","EF",152,348,15053,1.75e-14,2.45e-12,"****"
"eigenv","BWh","ET",152,536,24191,2.02e-14,2.81e-12,"****"
"eigenv","BWk","Cfa",161,653,26311,8.74e-23,1.46e-20,"****"
"eigenv","BWk","Cfb",161,653,26057,3.39e-23,5.7e-21,"****"
"eigenv","BWk","Csa",161,199,14217,0.066,1,"ns"
"eigenv","BWk","Csb",161,645,30745,1.11e-15,1.62e-13,"****"
"eigenv","BWk","Cwb",161,434,19862,5.87e-16,8.63e-14,"****"
"eigenv","BWk","Dfa",161,652,29968,3.22e-17,4.83e-15,"****"
"eigenv","BWk","Dfb",161,650,27051,2.15e-21,3.5e-19,"****"
"eigenv","BWk","Dfc",161,636,26956,1.55e-20,2.5e-18,"****"
"eigenv","BWk","Dwb",161,608,27057,2.48e-18,3.79e-16,"****"
"eigenv","BWk","Dwc",161,640,28528,1.93e-18,3.01e-16,"****"
"eigenv","BWk","EF",161,348,13367,2.28e-21,3.69e-19,"****"
"eigenv","BWk","ET",161,536,21576,6.07e-22,9.95e-20,"****"
"eigenv","Cfa","Cfb",653,653,210582,0.7,1,"ns"
"eigenv","Cfa","Csa",653,199,91599,1.95e-18,3.02e-16,"****"
"eigenv","Cfa","Csb",653,645,256970,6.49e-12,8.44e-10,"****"
"eigenv","Cfa","Cwb",653,434,161969,6.38e-05,0.006,"**"
"eigenv","Cfa","Dfa",653,652,240078,6.45e-05,0.006,"**"
"eigenv","Cfa","Dfb",653,650,221238,0.184,1,"ns"
"eigenv","Cfa","Dfc",653,636,220705,0.051,1,"ns"
"eigenv","Cfa","Dwb",653,608,221406,0.000396,0.032,"*"
"eigenv","Cfa","Dwc",653,640,230431,0.001,0.104,"ns"
"eigenv","Cfa","EF",653,348,107987,0.196,1,"ns"
"eigenv","Cfa","ET",653,536,177156,0.715,1,"ns"
"eigenv","Cfb","Csa",653,199,92363,2.03e-19,3.21e-17,"****"
"eigenv","Cfb","Csb",653,645,260132,2.19e-13,2.98e-11,"****"
"eigenv","Cfb","Cwb",653,434,163675,1.46e-05,0.001,"**"
"eigenv","Cfb","Dfa",653,652,243432,7.17e-06,0.000746,"***"
"eigenv","Cfb","Dfb",653,650,224545,0.07,1,"ns"
"eigenv","Cfb","Dfc",653,636,223625,0.017,0.991,"ns"
"eigenv","Cfb","Dwb",653,608,223959,8.21e-05,0.007,"**"
"eigenv","Cfb","Dwc",653,640,233312,0.000286,0.023,"*"
"eigenv","Cfb","EF",653,348,109098,0.299,1,"ns"
"eigenv","Cfb","ET",653,536,179777,0.418,1,"ns"
"eigenv","Csa","Csb",199,645,48204,1.08e-07,1.22e-05,"****"
"eigenv","Csa","Cwb",199,434,30504,2.93e-09,3.46e-07,"****"
"eigenv","Csa","Dfa",199,652,44956,5.3e-11,6.73e-09,"****"
"eigenv","Csa","Dfb",199,650,39636,1.32e-16,1.97e-14,"****"
"eigenv","Csa","Dfc",199,636,40062,5.3e-15,7.63e-13,"****"
"eigenv","Csa","Dwb",199,608,40999,8.45e-12,1.08e-09,"****"
"eigenv","Csa","Dwc",199,640,43001,4.34e-12,5.69e-10,"****"
"eigenv","Csa","EF",199,348,19301,6.86e-18,1.04e-15,"****"
"eigenv","Csa","ET",199,536,31101,3.58e-18,5.44e-16,"****"
"eigenv","Csb","Cwb",645,434,132042,0.114,1,"ns"
"eigenv","Csb","Dfa",645,652,192183,0.007,0.469,"ns"
"eigenv","Csb","Dfb",645,650,169080,1.69e-09,2.03e-07,"****"
"eigenv","Csb","Dfc",645,636,172251,6.92e-07,7.68e-05,"****"
"eigenv","Csb","Dwb",645,608,176722,0.002,0.182,"ns"
"eigenv","Csb","Dwc",645,640,184648,0.001,0.083,"ns"
"eigenv","Csb","EF",645,348,82346,4.2e-12,5.54e-10,"****"
"eigenv","Csb","ET",645,536,131998,2.52e-12,3.35e-10,"****"
"eigenv","Cwb","Dfa",434,652,138870,0.606,1,"ns"
"eigenv","Cwb","Dfb",434,650,125712,0.002,0.177,"ns"
"eigenv","Cwb","Dfc",434,636,126178,0.017,0.992,"ns"
"eigenv","Cwb","Dwb",434,608,127423,0.346,1,"ns"
"eigenv","Cwb","Dwc",434,640,133258,0.26,1,"ns"
"eigenv","Cwb","EF",434,348,61255,5.55e-06,0.000583,"***"
"eigenv","Cwb","ET",434,536,99339,9.15e-05,0.008,"**"
"eigenv","Dfa","Dfb",652,650,191974,0.003,0.232,"ns"
"eigenv","Dfa","Dfc",652,636,192885,0.03,1,"ns"
"eigenv","Dfa","Dwb",652,608,195224,0.644,1,"ns"
"eigenv","Dfa","Dwc",652,640,203918,0.481,1,"ns"
"eigenv","Dfa","EF",652,348,93559,4.84e-06,0.000518,"***"
"eigenv","Dfa","ET",652,536,152255,0.000133,0.011,"*"
"eigenv","Dfb","Dfc",650,636,211447,0.476,1,"ns"
"eigenv","Dfb","Dwb",650,608,213366,0.014,0.864,"ns"
"eigenv","Dfb","Dwc",650,640,221983,0.037,1,"ns"
"eigenv","Dfb","EF",650,348,102328,0.013,0.812,"ns"
"eigenv","Dfb","ET",650,536,168392,0.323,1,"ns"
"eigenv","Dfc","Dwb",636,608,204131,0.089,1,"ns"
"eigenv","Dfc","Dwc",636,640,212728,0.162,1,"ns"
"eigenv","Dfc","EF",636,348,98160,0.003,0.232,"ns"
"eigenv","Dfc","ET",636,536,160518,0.085,1,"ns"
"eigenv","Dwb","Dwc",608,640,192910,0.795,1,"ns"
"eigenv","Dwb","EF",608,348,88502,2.57e-05,0.002,"**"
"eigenv","Dwb","ET",608,536,144275,0.000814,0.064,"ns"
"eigenv","Dwc","EF",640,348,94535,8.6e-05,0.008,"**"
"eigenv","Dwc","ET",640,536,153983,0.002,0.182,"ns"
"eigenv","EF","ET",348,536,99317,0.103,1,"ns"
